估计零点与真实零点的虚部比较 (前1000个),,,,,虚部误差较大的零点的编号 (前76个),,,各个零点的计算耗时 (前1000个),,,,前N个零点的计算总耗时,,,,
零点序号,估算零点虚部,真实零点虚部,虚部误差,,零点序号,虚部误差,,零点序号,估值计算耗时(秒),Python库计算耗时(秒),,测试对象,估计总耗时(秒),Python库总耗时(秒),(估计)平均每个零点耗时(秒),(库)平均每个零点耗时(秒)
1,14.13848705,14.13472514,0.0037619,,13,6.74510578,,1,1.14E-04,1.33E-02,,"前 1,000 个零点",0.0300703,132.106885,3.01E-05,0.13210688
2,21.02360154,21.02203964,0.0015619,,24,2.68971984,,2,3.10E-05,1.10E-02,,"前 2,000 个零点",0.0963906,693.6602473,4.82E-05,0.34683012
3,25.01142179,25.01085758,0.00056421,,40,20.7735668,,3,2.58E-05,9.67E-03,,"前 3,000 个零点",0.1542178,1256.559657,5.14E-05,0.41885322
4,30.42565207,30.42487613,0.00077595,,45,64.66111441,,4,4.66E-05,1.09E-02,,"前 5,000 个零点",0.2874122,,5.75E-05,
5,32.93564692,32.93506159,0.00058534,,63,0.8176283,,5,3.45E-05,9.91E-03,,"前 10,000 个零点",0.6844928,,6.84E-05,
6,37.5870963,37.58617816,0.00091814,,78,1.99586533,,6,2.71E-05,9.46E-03,,"前 20,000 个零点",1.6681128,,8.34E-05,
7,40.91894895,40.91871901,0.00022993,,82,1.56550734,,7,2.50E-05,1.04E-02,,"前 30,000 个零点",2.837457,,9.46E-05,
8,43.32770744,43.32707328,0.00063416,,93,25.6061763,,8,2.51E-05,1.01E-02,,"前 50,000 个零点",5.6442647,,1.13E-04,
9,48.00569877,48.00515088,0.00054789,,98,120.8342421,,9,2.61E-05,9.49E-03,,"前 100,000 个零点",14.4708547,,1.45E-04,
10,49.77401994,49.77383248,0.00018746,,114,0.93075101,,10,3.21E-05,1.06E-02,,,,,,
11,52.97078154,52.97032148,0.00046007,,125,0.97932742,,11,2.55E-05,7.95E-03,,,,,,
12,56.44644816,56.4462477,0.00020046,,164,1.01404779,,12,2.66E-05,9.48E-03,,使用的库," from mpmath import mp, zetazero",,,
13,52.60193822,59.347044,6.74510578,,205,0.89808282,,13,3.04E-05,9.71E-03,,迭代次数,固定为5,,,
14,60.83230145,60.83177852,0.00052293,,223,0.88307624,,14,2.92E-05,1.10E-02,,,,,,
15,65.11291147,65.11254405,0.00036742,,247,0.97733064,,15,2.58E-05,8.88E-03,,,,,,
16,67.07991389,67.07981053,0.00010336,,255,0.86695718,,16,2.73E-05,1.01E-02,,,,,,
17,69.54670423,69.54640171,0.00030252,,267,97.04257877,,17,4.37E-05,9.22E-03,,,,,,
18,72.06739099,72.06715767,0.00023332,,274,37.30088257,,18,2.90E-05,1.05E-02,,,,,,
19,75.70510036,75.7046907,0.00040966,,279,1.33960502,,19,4.28E-05,1.03E-02,,,,,,
20,77.14474432,77.14484007,0.00009574,,299,1.21607739,,20,2.72E-05,1.03E-02,,,,,,
21,79.33771863,79.33737502,0.00034361,,312,1.07158222,,21,2.57E-05,9.85E-03,,,,,,
22,82.91060016,82.91038085,0.0002193,,331,0.75778883,,22,2.68E-05,1.03E-02,,,,,,
23,84.7356516,84.73549298,0.00015862,,332,0.75818238,,23,3.19E-05,1.07E-02,,,,,,
24,84.73555477,87.42527461,2.68971984,,344,2.6878436,,24,2.82E-05,1.06E-02,,,,,,
25,88.8093245,88.80911121,0.0002133,,352,0.89449638,,25,2.83E-05,1.14E-02,,,,,,
26,92.49216526,92.49189927,0.00026599,,378,18.0870826,,26,3.31E-05,1.01E-02,,,,,,
27,94.65136012,94.65134404,0.00001608,,399,89.5088652,,27,2.81E-05,1.18E-02,,,,,,
28,95.87086391,95.87063423,0.00022968,,412,0.89985204,,28,2.62E-05,1.03E-02,,,,,,
29,98.83133521,98.83119422,0.00014099,,424,1.61581032,,29,3.04E-05,9.45E-03,,,,,,
30,101.3180481,101.317851,0.00019712,,425,0.84909325,,30,2.76E-05,1.25E-02,,,,,,
31,103.7257344,103.725538,0.00019638,,433,0.71687844,,31,3.20E-05,1.31E-02,,,,,,
32,105.4465875,105.4466231,0.00003552,,445,3.21610072,,32,2.75E-05,1.24E-02,,,,,,
33,107.1688688,107.1686112,0.00025764,,459,0.83960694,,33,3.25E-05,1.10E-02,,,,,,
34,111.0297627,111.0295355,0.0002272,,460,2.20384726,,34,2.83E-05,2.06E-02,,,,,,
35,111.8746444,111.8746592,0.00001475,,481,1.00734229,,35,2.81E-05,1.73E-02,,,,,,
36,114.3203894,114.3202209,0.00016849,,493,0.80000673,,36,2.78E-05,4.94E-02,,,,,,
37,116.2267704,116.2266803,0.00009012,,508,0.9701531,,37,3.11E-05,5.46E-02,,,,,,
38,118.7909576,118.7907829,0.00017476,,530,0.78319739,,38,2.76E-05,5.22E-02,,,,,,
39,121.370228,121.370125,0.00010302,,535,4.0340339,,39,3.16E-05,5.57E-02,,,,,,
40,143.7203961,122.9468293,20.7735668,,538,1.46649347,,40,2.71E-05,4.67E-02,,,,,,
41,124.2569547,124.2568186,0.00013612,,544,5.52978351,,41,2.70E-05,5.49E-02,,,,,,
42,127.5168641,127.5166839,0.00018022,,566,31.26038793,,42,2.78E-05,5.02E-02,,,,,,
43,129.5787155,129.5787042,0.00001125,,587,106.1945907,,43,2.78E-05,5.05E-02,,,,,,
44,131.0878532,131.0876885,0.00016462,,594,0.84355161,,44,3.10E-05,5.76E-02,,,,,,
45,198.1588516,133.4977372,64.66111441,,602,2.91028984,,45,2.85E-05,5.69E-02,,,,,,
46,134.7566604,134.7565098,0.00015068,,616,8.26526616,,46,2.88E-05,6.07E-02,,,,,,
47,138.116201,138.1160421,0.00015892,,630,0.73871397,,47,4.99E-05,5.37E-02,,,,,,
48,139.7362205,139.736209,0.00001159,,643,23.22502009,,48,3.26E-05,5.50E-02,,,,,,
49,141.1238013,141.1237074,0.00009391,,653,1.0470924,,49,8.65E-05,5.57E-02,,,,,,
50,143.1119661,143.1118458,0.0001203,,659,1.17935907,,50,3.89E-05,5.83E-02,,,,,,
51,146.0010918,146.0009825,0.00010931,,667,1.33286162,,51,3.92E-05,5.01E-02,,,,,,
52,147.4228315,147.4227653,0.00006613,,704,9.81052132,,52,4.07E-05,5.61E-02,,,,,,
53,150.051242,150.0535204,0.00227838,,727,39.9607543,,53,3.48E-05,5.65E-02,,,,,,
54,150.9252333,150.9252576,0.00002435,,732,19.75956956,,54,3.19E-05,5.67E-02,,,,,,
55,153.0248388,153.0246938,0.00014496,,741,1.04808711,,55,3.85E-05,5.73E-02,,,,,,
56,156.1129869,156.1129093,0.00007762,,756,1.10389068,,56,2.74E-05,5.94E-02,,,,,,
57,157.5976637,157.5975918,0.00007187,,779,2.69804452,,57,4.64E-05,5.52E-02,,,,,,
58,158.8500797,158.8499882,0.00009154,,794,3.06592784,,58,3.21E-05,5.89E-02,,,,,,
59,161.1890257,161.1889641,0.00006158,,801,0.71949071,,59,2.80E-05,5.33E-02,,,,,,
60,163.030823,163.0307097,0.00011327,,808,1.10540159,,60,3.42E-05,5.80E-02,,,,,,
61,165.5371283,165.5370692,0.0000591,,816,8.62879849,,61,2.81E-05,5.83E-02,,,,,,
62,167.1845509,167.18444,0.00011095,,823,0.72072754,,62,2.77E-05,5.14E-02,,,,,,
63,169.9121437,169.0945154,0.8176283,,831,6.34333587,,63,3.12E-05,6.45E-02,,,,,,
64,169.912136,169.9119765,0.00015952,,837,8.30267169,,64,3.43E-05,5.34E-02,,,,,,
65,173.4116724,173.4115365,0.00013591,,860,11.70998338,,65,3.01E-05,6.82E-02,,,,,,
66,174.7541712,174.7541915,0.00002031,,870,4.22562494,,66,2.99E-05,8.11E-02,,,,,,
67,176.4415563,176.4414343,0.00012199,,876,14.87798094,,67,3.14E-05,6.54E-02,,,,,,
68,178.3774321,178.3774078,0.00002435,,885,0.92951679,,68,2.84E-05,7.36E-02,,,,,,
69,179.9165777,179.916484,0.00009371,,899,1.1266283,,69,3.26E-05,8.22E-02,,,,,,
70,182.2071569,182.2070785,0.00007838,,900,0.9264666,,70,2.80E-05,6.91E-02,,,,,,
71,184.8746089,184.8744679,0.00014106,,939,1.06796881,,71,3.34E-05,8.19E-02,,,,,,
72,185.5987292,185.5987837,0.00005447,,943,3.75246538,,72,2.97E-05,8.42E-02,,,,,,
73,187.229018,187.2289226,0.00009543,,962,43.57665295,,73,2.74E-05,7.56E-02,,,,,,
74,189.4162348,189.4161587,0.0000761,,966,0.94209045,,74,2.83E-05,6.77E-02,,,,,,
75,192.0267535,192.0266564,0.00009709,,977,0.78962255,,75,2.73E-05,7.43E-02,,,,,,
76,193.0797342,193.0797266,0.00000759,,993,0.70859681,,76,2.73E-05,8.48E-02,,,,,,
77,195.2655112,195.2653967,0.00011454,,,,,77,3.10E-05,7.31E-02,,,,,,
78,198.8723472,196.8764818,1.99586533,,,,,78,3.29E-05,7.47E-02,,,,,,
79,198.0154339,198.0153097,0.00012424,,,,,79,3.20E-05,8.51E-02,,,,,,
80,201.2648509,201.2647519,0.00009894,,,,,80,3.04E-05,7.47E-02,,,,,,
81,202.4936048,202.4935945,0.00001024,,,,,81,2.80E-05,8.30E-02,,,,,,
82,202.6241645,204.1896718,1.56550734,,,,,82,2.76E-05,8.35E-02,,,,,,
83,205.3947568,205.3946972,0.0000596,,,,,83,7.11E-05,8.18E-02,,,,,,
84,207.9063334,207.9062589,0.00007446,,,,,84,5.39E-05,7.46E-02,,,,,,
85,209.5765596,209.5765097,0.00004988,,,,,85,3.93E-05,8.46E-02,,,,,,
86,211.6909302,211.6908626,0.00006765,,,,,86,4.30E-05,7.11E-02,,,,,,
87,213.3479615,213.3479194,0.00004214,,,,,87,3.99E-05,7.51E-02,,,,,,
88,214.5470719,214.5470448,0.00002713,,,,,88,2.85E-05,8.93E-02,,,,,,
89,216.1696184,216.1695385,0.00007985,,,,,89,3.24E-05,8.24E-02,,,,,,
90,219.0676958,219.0675964,0.00009946,,,,,90,5.61E-05,8.14E-02,,,,,,
91,220.7137422,220.7149188,0.00117666,,,,,91,3.67E-05,8.20E-02,,,,,,
92,221.4308494,221.4307056,0.0001438,,,,,92,3.96E-05,8.46E-02,,,,,,
93,198.400824,224.0070003,25.6061763,,,,,93,3.19E-05,8.04E-02,,,,,,
94,224.9834242,224.9833247,0.00009953,,,,,94,3.20E-05,7.52E-02,,,,,,
95,227.4214972,227.4214443,0.00005295,,,,,95,4.32E-05,8.14E-02,,,,,,
96,229.337461,229.3374133,0.00004771,,,,,96,3.14E-05,7.06E-02,,,,,,
97,231.2481295,231.2501887,0.00205916,,,,,97,2.92E-05,8.18E-02,,,,,,
98,352.8214773,231.9872353,120.8342421,,,,,98,4.55E-05,7.67E-02,,,,,,
99,233.6935009,233.6934042,0.00009667,,,,,99,3.18E-05,6.49E-02,,,,,,
100,236.5242834,236.5242297,0.00005377,,,,,100,2.92E-05,7.34E-02,,,,,,
101,237.7698633,237.7698205,0.00004279,,,,,101,1.65E-04,8.54E-02,,,,,,
102,239.5555128,239.5554776,0.00003518,,,,,102,3.75E-05,7.08E-02,,,,,,
103,241.0492193,241.0491578,0.00006151,,,,,103,5.16E-05,7.47E-02,,,,,,
104,242.8285061,242.8232719,0.00523413,,,,,104,3.39E-05,9.27E-02,,,,,,
105,244.0709703,244.0708985,0.00007181,,,,,105,2.96E-05,1.02E-01,,,,,,
106,247.1370956,247.1369901,0.00010548,,,,,106,3.51E-05,8.43E-02,,,,,,
107,248.1019468,248.1019901,0.00004323,,,,,107,5.70E-05,8.31E-02,,,,,,
108,249.5737721,249.5736896,0.00008248,,,,,108,3.27E-05,8.18E-02,,,,,,
109,251.0149675,251.0149478,0.00001967,,,,,109,5.49E-05,7.46E-02,,,,,,
110,253.0700606,253.0699868,0.00007389,,,,,110,4.43E-05,6.64E-02,,,,,,
111,255.3062812,255.3062565,0.00002478,,,,,111,3.99E-05,7.68E-02,,,,,,
112,256.3807652,256.3807137,0.00005145,,,,,112,3.15E-05,8.80E-02,,,,,,
113,258.610495,258.6104395,0.00005548,,,,,113,5.11E-05,8.18E-02,,,,,,
114,260.805158,259.874407,0.93075101,,,,,114,4.64E-05,8.75E-02,,,,,,
115,260.8051376,260.8050845,0.00005312,,,,,115,3.28E-05,7.74E-02,,,,,,
116,263.5739617,263.5738939,0.00006779,,,,,116,3.61E-05,8.56E-02,,,,,,
117,265.5578755,265.5578518,0.00002362,,,,,117,4.40E-05,7.43E-02,,,,,,
118,266.6150105,266.6149738,0.00003675,,,,,118,3.24E-05,7.94E-02,,,,,,
119,267.9219524,267.9219151,0.0000373,,,,,119,2.94E-05,8.89E-02,,,,,,
120,269.9705013,269.970449,0.00005228,,,,,120,3.05E-05,8.56E-02,,,,,,
121,271.4940867,271.4940556,0.00003104,,,,,121,2.83E-05,8.93E-02,,,,,,
122,273.4596707,273.4596092,0.00006146,,,,,122,3.12E-05,7.50E-02,,,,,,
123,275.5875071,275.5874927,0.00001445,,,,,123,3.76E-05,7.82E-02,,,,,,
124,276.4521079,276.4520495,0.00005841,,,,,124,3.93E-05,9.05E-02,,,,,,
125,279.230071,278.2507435,0.97932742,,,,,125,3.87E-05,8.72E-02,,,,,,
126,279.2293257,279.2292509,0.00007481,,,,,126,3.25E-05,8.31E-02,,,,,,
127,282.4652144,282.4651148,0.00009967,,,,,127,3.43E-05,7.74E-02,,,,,,
128,283.2111443,283.2111857,0.00004144,,,,,128,3.63E-05,9.42E-02,,,,,,
129,284.8360302,284.835964,0.00006618,,,,,129,3.62E-05,8.75E-02,,,,,,
130,286.667469,286.6674454,0.00002359,,,,,130,3.91E-05,8.09E-02,,,,,,
131,287.9119541,287.9119205,0.00003355,,,,,131,3.42E-05,8.33E-02,,,,,,
132,289.5799027,289.5798549,0.00004781,,,,,132,3.18E-05,8.79E-02,,,,,,
133,291.8463391,291.8462913,0.00004781,,,,,133,3.28E-05,8.41E-02,,,,,,
134,293.5584722,293.5584341,0.00003801,,,,,134,3.29E-05,8.23E-02,,,,,,
135,295.5733158,294.9653696,0.60794618,,,,,135,3.54E-05,8.90E-02,,,,,,
136,295.5147421,295.5732549,0.05851274,,,,,136,3.51E-05,7.47E-02,,,,,,
137,297.979325,297.9792771,0.00004793,,,,,137,2.98E-05,7.93E-02,,,,,,
138,299.8403631,299.8403261,0.00003706,,,,,138,3.44E-05,7.59E-02,,,,,,
139,301.6493648,301.6493255,0.00003934,,,,,139,4.92E-05,8.77E-02,,,,,,
140,302.6967659,302.6967496,0.00001629,,,,,140,3.39E-05,9.00E-02,,,,,,
141,304.8634597,304.8643713,0.00091162,,,,,141,3.12E-05,8.73E-02,,,,,,
142,305.7289434,305.7289126,0.00003075,,,,,142,3.78E-05,9.85E-02,,,,,,
143,307.2195841,307.2194961,0.000088,,,,,143,3.53E-05,7.93E-02,,,,,,
144,310.1095171,310.1094632,0.00005391,,,,,144,2.98E-05,8.81E-02,,,,,,
145,311.1651331,311.1651415,0.00000843,,,,,145,3.10E-05,8.10E-02,,,,,,
146,312.4278606,312.4278012,0.00005937,,,,,146,5.29E-05,8.78E-02,,,,,,
147,313.9852915,313.9852857,0.00000579,,,,,147,3.42E-05,8.46E-02,,,,,,
148,315.4756751,315.4756161,0.00005902,,,,,148,3.79E-05,8.80E-02,,,,,,
149,317.7348221,317.7348059,0.00001615,,,,,149,3.06E-05,8.09E-02,,,,,,
150,318.8531511,318.8531043,0.00004685,,,,,150,4.10E-05,7.99E-02,,,,,,
151,321.1601634,321.1601343,0.00002911,,,,,151,3.28E-05,8.33E-02,,,,,,
152,322.1445925,322.1445587,0.00003386,,,,,152,3.96E-05,8.61E-02,,,,,,
153,323.466978,323.4669696,0.00000848,,,,,153,3.24E-05,1.05E-01,,,,,,
154,324.8629185,324.8628661,0.00005241,,,,,154,4.23E-05,7.42E-02,,,,,,
155,327.4439502,327.4439013,0.00004893,,,,,155,5.32E-05,9.28E-02,,,,,,
156,329.0330843,329.0330717,0.00001262,,,,,156,3.26E-05,8.86E-02,,,,,,
157,329.953267,329.9532397,0.00002722,,,,,157,3.34E-05,8.44E-02,,,,,,
158,331.4745068,331.4744676,0.00003923,,,,,158,3.28E-05,7.48E-02,,,,,,
159,334.2115774,333.6453785,0.56619889,,,,,159,4.77E-05,1.15E-01,,,,,,
160,334.2113857,334.2113548,0.00003084,,,,,160,4.13E-05,1.03E-01,,,,,,
161,336.8419082,336.8418504,0.00005772,,,,,161,3.56E-05,8.76E-02,,,,,,
162,338.3399909,338.3399929,0.00000196,,,,,162,3.40E-05,9.16E-02,,,,,,
163,339.8582884,339.8582167,0.00007166,,,,,163,3.88E-05,8.27E-02,,,,,,
164,342.0563089,341.0422611,1.01404779,,,,,164,4.10E-05,8.99E-02,,,,,,
165,342.054945,342.0548775,0.0000675,,,,,165,4.45E-05,8.47E-02,,,,,,
166,344.6617446,344.6617029,0.00004166,,,,,166,4.55E-05,8.52E-02,,,,,,
167,346.3478869,346.3478706,0.00001632,,,,,167,6.75E-05,8.13E-02,,,,,,
168,347.2727087,347.2726776,0.00003109,,,,,168,7.28E-05,1.01E-01,,,,,,
169,349.316284,349.3162609,0.00002308,,,,,169,3.48E-05,8.56E-02,,,,,,
170,350.4084352,350.4084194,0.00001586,,,,,170,4.88E-05,7.90E-02,,,,,,
171,351.8786789,351.878649,0.00002986,,,,,171,4.93E-05,9.06E-02,,,,,,
172,353.4889379,353.4889005,0.00003741,,,,,172,3.92E-05,1.13E-01,,,,,,
173,356.0176366,356.017575,0.00006159,,,,,173,3.34E-05,1.18E-01,,,,,,
174,357.1512523,357.1513023,0.00004995,,,,,174,5.91E-05,1.12E-01,,,,,,
175,357.9527497,357.9526851,0.00006459,,,,,175,5.25E-05,1.27E-01,,,,,,
176,359.7437733,359.743755,0.00001838,,,,,176,4.16E-05,1.21E-01,,,,,,
177,361.2894014,361.2893617,0.00003972,,,,,177,4.66E-05,1.03E-01,,,,,,
178,363.3313608,363.3313306,0.00003026,,,,,178,3.23E-05,1.24E-01,,,,,,
179,364.7360508,364.7360241,0.0000267,,,,,179,3.05E-05,1.20E-01,,,,,,
180,366.2127344,366.2127103,0.00002407,,,,,180,4.52E-05,1.02E-01,,,,,,
181,367.9935504,367.9935755,0.00002506,,,,,181,4.53E-05,1.27E-01,,,,,,
182,368.5307079,368.9684381,0.4377302,,,,,182,6.44E-05,1.33E-01,,,,,,
183,370.05098,370.0509192,0.00006076,,,,,183,4.13E-05,1.31E-01,,,,,,
184,373.0619845,373.0619284,0.00005612,,,,,184,3.56E-05,1.23E-01,,,,,,
185,373.8648673,373.8648739,0.00000663,,,,,185,5.06E-05,1.24E-01,,,,,,
186,376.3759813,375.8259128,0.55006855,,,,,186,6.01E-05,1.16E-01,,,,,,
187,376.3240816,376.3240922,0.00001062,,,,,187,3.13E-05,1.23E-01,,,,,,
188,378.4367204,378.4366803,0.00004017,,,,,188,3.15E-05,1.20E-01,,,,,,
189,379.8729924,379.8729754,0.00001706,,,,,189,5.33E-05,1.05E-01,,,,,,
190,381.4845041,381.4844686,0.00003547,,,,,190,4.96E-05,1.21E-01,,,,,,
191,383.4435623,383.4435295,0.00003287,,,,,191,4.16E-05,1.08E-01,,,,,,
192,384.9561228,384.9561168,0.00000603,,,,,192,4.28E-05,1.24E-01,,,,,,
193,385.8613298,385.8613009,0.00002897,,,,,193,5.23E-05,1.17E-01,,,,,,
194,387.2229083,387.2228902,0.00001811,,,,,194,4.17E-05,1.15E-01,,,,,,
195,388.8461679,388.8461284,0.00003951,,,,,195,3.05E-05,1.36E-01,,,,,,
196,391.4561413,391.4560836,0.00005775,,,,,196,3.60E-05,1.12E-01,,,,,,
197,392.2450557,392.2450833,0.00002767,,,,,197,3.59E-05,1.15E-01,,,,,,
198,393.4277927,393.4277438,0.00004882,,,,,198,4.33E-05,1.26E-01,,,,,,
199,395.5817394,395.58287,0.00113063,,,,,199,3.21E-05,1.30E-01,,,,,,
200,396.3818787,396.3818542,0.00002452,,,,,200,3.20E-05,1.12E-01,,,,,,
201,397.9187601,397.9187362,0.0000239,,,,,201,3.23E-05,1.08E-01,,,,,,
202,399.9851672,399.9851199,0.00004727,,,,,202,3.71E-05,1.22E-01,,,,,,
203,401.8392084,401.8392286,0.00002021,,,,,203,3.24E-05,1.03E-01,,,,,,
204,402.8619875,402.8619178,0.00006976,,,,,204,3.15E-05,1.05E-01,,,,,,
205,405.1345246,404.2364418,0.89808282,,,,,205,5.87E-05,1.17E-01,,,,,,
206,405.1344367,405.1343875,0.00004923,,,,,206,3.35E-05,1.07E-01,,,,,,
207,407.5814967,407.5814604,0.00003634,,,,,207,3.38E-05,1.06E-01,,,,,,
208,408.9472547,408.9472455,0.0000092,,,,,208,3.13E-05,9.53E-02,,,,,,
209,410.5139125,410.5138692,0.00004333,,,,,209,3.45E-05,1.01E-01,,,,,,
210,411.9722633,411.9722678,0.00000453,,,,,210,4.86E-05,1.02E-01,,,,,,
211,413.26279,413.2627361,0.00005391,,,,,211,3.23E-05,1.18E-01,,,,,,
212,415.455916,415.0188098,0.43710624,,,,,212,3.12E-05,1.19E-01,,,,,,
213,415.4553093,415.455215,0.00009432,,,,,213,3.38E-05,1.19E-01,,,,,,
214,418.3877436,418.3877058,0.00003777,,,,,214,3.21E-05,1.17E-01,,,,,,
215,419.8613737,419.8613648,0.00000885,,,,,215,3.26E-05,1.12E-01,,,,,,
216,420.6438455,420.6438276,0.00001791,,,,,216,3.12E-05,1.06E-01,,,,,,
217,422.0767392,422.0767101,0.00002909,,,,,217,3.23E-05,1.12E-01,,,,,,
218,423.7165973,423.7165796,0.00001762,,,,,218,3.24E-05,1.13E-01,,,,,,
219,425.0699133,425.0698825,0.0000308,,,,,219,3.10E-05,1.16E-01,,,,,,
220,427.208848,427.2088251,0.00002295,,,,,220,3.17E-05,1.05E-01,,,,,,
221,428.127931,428.1279141,0.00001692,,,,,221,3.27E-05,1.20E-01,,,,,,
222,430.3287925,430.3287454,0.00004704,,,,,222,3.76E-05,1.06E-01,,,,,,
223,432.1843832,431.3013069,0.88307624,,,,,223,3.36E-05,1.23E-01,,,,,,
224,431.9762617,432.1386417,0.16238008,,,,,224,3.11E-05,1.36E-01,,,,,,
225,433.8892457,433.8892185,0.00002722,,,,,225,3.82E-05,1.11E-01,,,,,,
226,436.1610468,436.1610064,0.00004034,,,,,226,3.51E-05,1.22E-01,,,,,,
227,437.5816932,437.5816982,0.00000495,,,,,227,3.38E-05,1.24E-01,,,,,,
228,438.6217779,438.6217387,0.00003921,,,,,228,4.28E-05,1.23E-01,,,,,,
229,439.9184513,439.9184422,0.00000909,,,,,229,3.62E-05,1.11E-01,,,,,,
230,441.6832378,441.6831992,0.00003856,,,,,230,4.04E-05,1.17E-01,,,,,,
231,442.9045465,442.9045463,0.00000014,,,,,231,3.92E-05,1.31E-01,,,,,,
232,444.3193751,444.3193363,0.00003878,,,,,232,3.78E-05,1.20E-01,,,,,,
233,446.8606617,446.8606227,0.00003899,,,,,233,3.90E-05,1.18E-01,,,,,,
234,447.4416999,447.4417042,0.00000432,,,,,234,3.32E-05,1.40E-01,,,,,,
235,449.1485873,449.1485457,0.00004158,,,,,235,3.52E-05,1.21E-01,,,,,,
236,450.1269666,450.1269458,0.00002086,,,,,236,3.20E-05,1.30E-01,,,,,,
237,451.4033465,451.4033085,0.00003802,,,,,237,3.22E-05,1.06E-01,,,,,,
238,453.9867767,453.9867378,0.00003884,,,,,238,4.77E-05,1.14E-01,,,,,,
239,454.9746807,454.9746838,0.00000307,,,,,239,3.30E-05,1.07E-01,,,,,,
240,456.3284588,456.3284267,0.0000321,,,,,240,3.29E-05,1.31E-01,,,,,,
241,457.9039106,457.9038931,0.00001755,,,,,241,6.12E-05,1.25E-01,,,,,,
242,460.0879685,459.5134153,0.57455326,,,,,242,3.94E-05,1.25E-01,,,,,,
243,460.0838442,460.0879444,0.00410025,,,,,243,4.52E-05,1.08E-01,,,,,,
244,462.0653998,462.0653673,0.00003255,,,,,244,4.56E-05,1.16E-01,,,,,,
245,464.0573097,464.0572869,0.00002274,,,,,245,4.48E-05,1.03E-01,,,,,,
246,465.6715707,465.6715392,0.00003148,,,,,246,4.91E-05,1.17E-01,,,,,,
247,467.5476176,466.5702869,0.97733064,,,,,247,4.99E-05,1.02E-01,,,,,,
248,467.4390829,467.4390462,0.00003664,,,,,248,5.16E-05,1.03E-01,,,,,,
249,469.5360233,469.5360046,0.0000187,,,,,249,3.97E-05,1.08E-01,,,,,,
250,470.7736799,470.7736555,0.00002445,,,,,250,5.06E-05,1.23E-01,,,,,,
251,472.7991981,472.7991747,0.00002344,,,,,251,3.30E-05,1.12E-01,,,,,,
252,473.8352488,473.8352324,0.00001645,,,,,252,4.12E-05,1.09E-01,,,,,,
253,475.6003605,475.6003394,0.00002112,,,,,253,3.30E-05,1.21E-01,,,,,,
254,476.7690376,476.7690152,0.00002239,,,,,254,6.72E-05,1.05E-01,,,,,,
255,478.9422209,478.0752638,0.86695718,,,,,255,4.38E-05,1.25E-01,,,,,,
256,478.9422209,478.9421815,0.00003938,,,,,256,4.68E-05,1.19E-01,,,,,,
257,481.8303883,481.8303394,0.00004894,,,,,257,4.08E-05,1.29E-01,,,,,,
258,482.8347558,482.8347828,0.00002699,,,,,258,4.05E-05,1.28E-01,,,,,,
259,483.8514723,483.8514272,0.00004505,,,,,259,3.39E-05,1.17E-01,,,,,,
260,485.5395163,485.5391481,0.00036816,,,,,260,6.86E-05,1.28E-01,,,,,,
261,486.5287461,486.5287183,0.00002786,,,,,261,3.72E-05,1.28E-01,,,,,,
262,488.3805879,488.3805671,0.00002077,,,,,262,3.51E-05,1.16E-01,,,,,,
263,489.6617793,489.6617616,0.0000177,,,,,263,4.51E-05,1.25E-01,,,,,,
264,491.3988499,491.3988216,0.00002827,,,,,264,4.76E-05,1.07E-01,,,,,,
265,493.314454,493.3144416,0.00001238,,,,,265,3.26E-05,1.26E-01,,,,,,
266,493.9580182,493.9579978,0.00002042,,,,,266,4.08E-05,1.29E-01,,,,,,
267,592.4014076,495.3588288,97.04257877,,,,,267,5.18E-05,1.48E-01,,,,,,
268,496.4297236,496.4296962,0.00002736,,,,,268,4.25E-05,1.05E-01,,,,,,
269,498.5808101,498.5807824,0.00002762,,,,,269,9.26E-05,1.25E-01,,,,,,
270,500.3091023,500.3090849,0.00001737,,,,,270,4.22E-05,1.07E-01,,,,,,
271,501.6044991,501.604447,0.00005208,,,,,271,3.76E-05,1.16E-01,,,,,,
272,502.276283,502.2762703,0.00001271,,,,,272,3.91E-05,1.30E-01,,,,,,
273,504.4997437,504.4997733,0.00002965,,,,,273,5.10E-05,1.23E-01,,,,,,
274,468.1143492,505.4152317,37.30088257,,,,,274,3.67E-05,1.34E-01,,,,,,
275,506.4642026,506.4641527,0.00004988,,,,,275,3.40E-05,1.11E-01,,,,,,
276,508.8007124,508.8007003,0.00001209,,,,,276,3.90E-05,1.21E-01,,,,,,
277,510.2642581,510.2642279,0.00003015,,,,,277,4.07E-05,1.13E-01,,,,,,
278,511.5622914,511.5622897,0.00000174,,,,,278,4.82E-05,1.15E-01,,,,,,
279,511.2835395,512.6231445,1.33960502,,,,,279,6.36E-05,1.16E-01,,,,,,
280,513.6690008,513.6689856,0.00001524,,,,,280,3.80E-05,1.16E-01,,,,,,
281,515.4350831,515.4350572,0.00002597,,,,,281,3.07E-05,1.14E-01,,,,,,
282,517.5896993,517.5896686,0.00003071,,,,,282,3.41E-05,1.09E-01,,,,,,
283,518.234221,518.2342232,0.00000215,,,,,283,4.53E-05,1.27E-01,,,,,,
284,520.1063481,520.1063104,0.00003772,,,,,284,3.27E-05,1.16E-01,,,,,,
285,521.5251687,521.5251935,0.00002476,,,,,285,3.10E-05,1.09E-01,,,,,,
286,522.456742,522.4566962,0.0000458,,,,,286,3.04E-05,1.02E-01,,,,,,
287,524.2428465,523.9605309,0.28231565,,,,,287,4.30E-05,9.05E-02,,,,,,
288,525.0774239,525.0773857,0.00003824,,,,,288,8.13E-05,1.29E-01,,,,,,
289,527.90368,527.9036416,0.00003843,,,,,289,1.01E-04,1.27E-01,,,,,,
290,528.4062016,528.4062139,0.00001228,,,,,290,1.36E-04,1.07E-01,,,,,,
291,529.8062467,529.8062263,0.0000204,,,,,291,7.91E-05,1.09E-01,,,,,,
292,530.8669374,530.8669179,0.00001954,,,,,292,1.13E-04,9.83E-02,,,,,,
293,532.6882006,532.688183,0.00001759,,,,,293,6.21E-05,1.08E-01,,,,,,
294,533.7796483,533.7796308,0.00001756,,,,,294,6.58E-05,1.19E-01,,,,,,
295,535.664338,535.6643141,0.00002391,,,,,295,7.37E-05,1.17E-01,,,,,,
296,537.0697715,537.0697591,0.00001244,,,,,296,1.21E-04,1.04E-01,,,,,,
297,538.428547,538.4285262,0.00002086,,,,,297,5.56E-05,9.93E-02,,,,,,
298,540.2002789,540.2131664,0.01288748,,,,,298,5.62E-05,1.21E-01,,,,,,
299,541.8474676,540.6313903,1.21607739,,,,,299,4.28E-05,1.20E-01,,,,,,
300,541.8474669,541.8474371,0.00002977,,,,,300,6.58E-05,9.56E-02,,,,,,
301,544.3239204,544.3238901,0.00003029,,,,,301,4.29E-05,1.34E-01,,,,,,
302,545.6368354,545.6368333,0.00000214,,,,,302,4.84E-05,1.16E-01,,,,,,
303,547.0109426,547.0109121,0.00003051,,,,,303,5.89E-05,1.03E-01,,,,,,
304,547.9316114,547.9316134,0.00000197,,,,,304,4.05E-05,1.20E-01,,,,,,
305,549.4975978,549.4975676,0.00003026,,,,,305,3.50E-05,1.03E-01,,,,,,
306,550.9700143,550.97001,0.00000424,,,,,306,3.23E-05,1.09E-01,,,,,,
307,552.0495966,552.0495722,0.00002443,,,,,307,4.94E-05,1.09E-01,,,,,,
308,553.7649905,553.7649721,0.00001838,,,,,308,3.48E-05,1.34E-01,,,,,,
309,555.7920558,555.7920206,0.00003524,,,,,309,1.34E-04,1.14E-01,,,,,,
310,556.8993891,556.8994764,0.00008734,,,,,310,5.11E-05,1.32E-01,,,,,,
311,557.5647069,557.5646592,0.00004771,,,,,311,8.85E-05,1.19E-01,,,,,,
312,560.3878193,559.316237,1.07158222,,,,,312,4.27E-05,1.19E-01,,,,,,
313,560.2408356,560.2408075,0.00002813,,,,,313,4.92E-05,1.08E-01,,,,,,
314,562.5592349,562.5592076,0.0000273,,,,,314,4.58E-05,1.08E-01,,,,,,
315,564.1607701,564.1608791,0.00010907,,,,,315,5.02E-05,1.19E-01,,,,,,
316,564.5060978,564.5060559,0.00004189,,,,,316,9.82E-05,1.32E-01,,,,,,
317,566.6988039,566.6987877,0.00001623,,,,,317,4.66E-05,1.08E-01,,,,,,
318,567.7317714,567.7317579,0.00001351,,,,,318,5.14E-05,1.01E-01,,,,,,
319,568.9239131,568.9239552,0.00004208,,,,,319,3.97E-05,1.15E-01,,,,,,
320,570.0511393,570.0511148,0.00002452,,,,,320,4.18E-05,1.08E-01,,,,,,
321,572.4200127,572.4199841,0.00002853,,,,,321,4.35E-05,1.09E-01,,,,,,
322,573.6146114,573.6146105,0.00000082,,,,,322,4.37E-05,1.08E-01,,,,,,
323,575.0938306,575.093886,0.00005537,,,,,323,5.25E-05,1.10E-01,,,,,,
324,575.8072298,575.8072471,0.00001736,,,,,324,9.56E-05,1.35E-01,,,,,,
325,577.0390347,577.0390035,0.00003119,,,,,325,4.02E-05,1.03E-01,,,,,,
326,579.0988375,579.0988347,0.0000028,,,,,326,3.74E-05,1.44E-01,,,,,,
327,580.1369762,580.1369594,0.00001688,,,,,327,3.44E-05,1.21E-01,,,,,,
328,581.9465955,581.9465763,0.0000192,,,,,328,4.37E-05,1.18E-01,,,,,,
329,583.2361016,583.2360882,0.00001334,,,,,329,3.53E-05,1.04E-01,,,,,,
330,584.5617204,584.5617059,0.00001446,,,,,330,3.84E-05,1.02E-01,,,,,,
331,586.742352,585.9845632,0.75778883,,,,,331,3.41E-05,1.19E-01,,,,,,
332,585.9845895,586.7427719,0.75818238,,,,,332,4.72E-05,1.34E-01,,,,,,
333,588.1396907,588.1396633,0.00002742,,,,,333,3.77E-05,1.21E-01,,,,,,
334,590.6604278,590.6603975,0.00003031,,,,,334,3.76E-05,1.20E-01,,,,,,
335,591.7258503,591.7258581,0.00000772,,,,,335,3.32E-05,1.08E-01,,,,,,
336,592.57138,592.5713583,0.00002165,,,,,336,3.51E-05,1.11E-01,,,,,,
337,593.9747323,593.9747147,0.00001761,,,,,337,3.45E-05,1.14E-01,,,,,,
338,596.373363,595.7281537,0.64520932,,,,,338,3.16E-05,1.22E-01,,,,,,
339,596.3627874,596.3627683,0.00001905,,,,,339,4.29E-05,1.27E-01,,,,,,
340,598.4930939,598.4930774,0.00001654,,,,,340,4.78E-05,1.37E-01,,,,,,
341,599.5456529,599.5456404,0.00001256,,,,,341,4.27E-05,1.21E-01,,,,,,
342,601.6021662,601.6021367,0.00002943,,,,,342,3.32E-05,1.23E-01,,,,,,
343,602.5791611,602.5791679,0.00000684,,,,,343,3.30E-05,1.03E-01,,,,,,
344,606.3134625,603.6256189,2.6878436,,,,,344,6.15E-05,1.02E-01,,,,,,
345,604.6162281,604.6162185,0.00000963,,,,,345,5.34E-05,1.17E-01,,,,,,
346,606.3834838,606.3834604,0.00002333,,,,,346,4.84E-05,1.28E-01,,,,,,
347,608.4132365,608.4132173,0.00001918,,,,,347,5.19E-05,1.23E-01,,,,,,
348,609.3895827,609.3895752,0.00000758,,,,,348,1.24E-04,1.12E-01,,,,,,
349,610.8391789,610.8391629,0.00001592,,,,,349,4.49E-05,1.11E-01,,,,,,
350,611.774218,611.7742096,0.00000842,,,,,350,1.90E-04,1.24E-01,,,,,,
351,613.5997907,613.5997787,0.00001206,,,,,351,8.22E-05,1.23E-01,,,,,,
352,615.5407343,614.6462379,0.89449638,,,,,352,5.51E-05,1.17E-01,,,,,,
353,615.5385956,615.5385634,0.00003221,,,,,353,2.14E-04,1.12E-01,,,,,,
354,618.1128607,618.1128314,0.00002931,,,,,354,4.88E-05,1.21E-01,,,,,,
355,619.1844735,619.1844826,0.00000911,,,,,355,4.79E-05,1.05E-01,,,,,,
356,620.2729262,620.2728937,0.0000325,,,,,356,4.39E-05,1.23E-01,,,,,,
357,622.3750432,621.7092945,0.66574866,,,,,357,6.50E-05,1.19E-01,,,,,,
358,622.3746045,622.3750027,0.00039824,,,,,358,4.33E-05,1.08E-01,,,,,,
359,624.2699129,624.2699,0.00001286,,,,,359,6.20E-05,1.47E-01,,,,,,
360,626.0193128,626.0192834,0.0000294,,,,,360,5.39E-05,1.25E-01,,,,,,
361,627.2683826,627.2683969,0.0000143,,,,,361,3.95E-05,1.05E-01,,,,,,
362,628.325902,628.3258624,0.0000396,,,,,362,5.59E-05,1.23E-01,,,,,,
363,630.4738708,630.4738874,0.00001663,,,,,363,4.26E-05,1.12E-01,,,,,,
364,630.8058196,630.8057809,0.00003863,,,,,364,4.91E-05,1.39E-01,,,,,,
365,632.2251476,632.2251412,0.00000641,,,,,365,3.87E-05,1.15E-01,,,,,,
366,633.5468783,633.5468583,0.00002008,,,,,366,4.74E-05,1.09E-01,,,,,,
367,635.5238217,635.5238003,0.00002142,,,,,367,4.22E-05,1.09E-01,,,,,,
368,637.397204,637.3971932,0.00001081,,,,,368,4.21E-05,1.30E-01,,,,,,
369,637.9255225,637.925514,0.00000853,,,,,369,4.72E-05,1.28E-01,,,,,,
370,638.9279488,638.9279383,0.00001053,,,,,370,4.44E-05,1.31E-01,,,,,,
371,640.6948176,640.6947947,0.00002297,,,,,371,4.83E-05,1.12E-01,,,,,,
372,641.9455031,641.9454997,0.00000347,,,,,372,3.47E-05,1.06E-01,,,,,,
373,643.2789071,643.2788838,0.00002334,,,,,373,3.99E-05,1.02E-01,,,,,,
374,644.9905877,644.9905782,0.00000944,,,,,374,3.49E-05,1.21E-01,,,,,,
375,646.348215,646.3481916,0.00002339,,,,,375,4.57E-05,1.06E-01,,,,,,
376,647.7617488,647.761753,0.00000426,,,,,376,4.96E-05,1.09E-01,,,,,,
377,648.7864357,648.7864009,0.00003483,,,,,377,4.46E-05,1.26E-01,,,,,,
378,632.1104368,650.1975194,18.0870826,,,,,378,5.31E-05,1.27E-01,,,,,,
379,650.6687402,650.6686839,0.00005627,,,,,379,3.84E-05,1.96E-01,,,,,,
380,653.6496059,653.6495716,0.0000343,,,,,380,3.60E-05,1.15E-01,,,,,,
381,654.301908,654.3019206,0.00001258,,,,,381,4.23E-05,1.36E-01,,,,,,
382,655.7094878,655.709463,0.00002479,,,,,382,3.56E-05,1.10E-01,,,,,,
383,656.9640881,656.9640846,0.00000346,,,,,383,3.38E-05,1.08E-01,,,,,,
384,658.175634,658.1756144,0.00001954,,,,,384,3.97E-05,1.11E-01,,,,,,
385,659.6638558,659.663846,0.00000981,,,,,385,4.88E-05,1.14E-01,,,,,,
386,660.7167466,660.7167326,0.000014,,,,,386,3.56E-05,1.07E-01,,,,,,
387,662.2966041,662.2965864,0.00001767,,,,,387,5.45E-05,1.06E-01,,,,,,
388,664.2446247,664.2446047,0.00002001,,,,,388,4.26E-05,1.21E-01,,,,,,
389,665.3427671,665.3427631,0.00000403,,,,,389,6.56E-05,1.14E-01,,,,,,
390,667.1485145,666.5151477,0.63336676,,,,,390,6.67E-05,1.18E-01,,,,,,
391,667.1456696,667.1484949,0.00282527,,,,,391,3.98E-05,1.11E-01,,,,,,
392,668.9758663,668.9758488,0.00001743,,,,,392,6.36E-05,1.07E-01,,,,,,
393,670.3235989,670.3235852,0.00001367,,,,,393,5.43E-05,1.39E-01,,,,,,
394,672.4582199,672.4581836,0.00003627,,,,,394,9.23E-05,2.64E-01,,,,,,
395,673.043559,673.0435783,0.00001929,,,,,395,5.04E-05,2.71E-01,,,,,,
396,674.3559247,674.3558978,0.0000269,,,,,396,3.86E-04,2.67E-01,,,,,,
397,676.1396802,676.1396744,0.00000583,,,,,397,6.04E-05,2.43E-01,,,,,,
398,677.8004522,677.2301807,0.57027152,,,,,398,4.46E-05,2.20E-01,,,,,,
399,767.3093099,677.8004448,89.5088652,,,,,399,5.78E-05,2.88E-01,,,,,,
400,679.7422208,679.7421979,0.00002293,,,,,400,3.80E-05,2.11E-01,,,,,,
401,681.8950069,681.8949915,0.00001536,,,,,401,8.31E-05,2.69E-01,,,,,,
402,682.6027427,682.602735,0.00000763,,,,,402,4.12E-05,2.73E-01,,,,,,
403,684.013561,684.0135498,0.00001119,,,,,403,3.96E-05,2.33E-01,,,,,,
404,684.9726384,684.9726299,0.0000085,,,,,404,9.14E-05,2.87E-01,,,,,,
405,686.1632385,686.1632236,0.00001491,,,,,405,5.73E-05,2.12E-01,,,,,,
406,687.9615614,687.9615432,0.00001822,,,,,406,3.53E-05,3.11E-01,,,,,,
407,689.3689489,689.3689414,0.00000753,,,,,407,5.98E-05,2.53E-01,,,,,,
408,690.4747516,690.474735,0.0000166,,,,,408,6.04E-05,2.60E-01,,,,,,
409,692.4517059,692.4516844,0.00002144,,,,,409,5.25E-05,2.28E-01,,,,,,
410,693.1769671,693.1769701,0.00000293,,,,,410,6.49E-05,2.75E-01,,,,,,
411,694.5339326,694.5339087,0.00002386,,,,,411,1.02E-04,2.44E-01,,,,,,
412,696.626188,695.7263359,0.89985204,,,,,412,5.52E-05,2.59E-01,,,,,,
413,696.6260959,696.6260699,0.00002596,,,,,413,5.53E-05,2.37E-01,,,,,,
414,699.1321195,699.1320955,0.00002406,,,,,414,3.46E-05,2.55E-01,,,,,,
415,700.2967358,700.2967391,0.00000335,,,,,415,5.02E-05,2.39E-01,,,,,,
416,701.3017636,701.301743,0.00002063,,,,,416,3.46E-05,2.25E-01,,,,,,
417,702.227349,702.2273432,0.00000586,,,,,417,3.45E-05,2.61E-01,,,,,,
418,704.0338586,704.0338393,0.00001931,,,,,418,3.97E-05,2.33E-01,,,,,,
419,705.1256423,705.125814,0.00017161,,,,,419,3.60E-05,2.35E-01,,,,,,
420,706.184678,706.1846548,0.00002322,,,,,420,3.29E-05,2.54E-01,,,,,,
421,708.2690839,708.2690709,0.00001306,,,,,421,3.19E-05,3.10E-01,,,,,,
422,709.2296006,709.2295886,0.00001199,,,,,422,1.01E-04,2.39E-01,,,,,,
423,711.1302932,711.1302742,0.00001903,,,,,423,3.86E-05,2.67E-01,,,,,,
424,713.5161002,711.9002899,1.61581032,,,,,424,5.16E-05,2.24E-01,,,,,,
425,711.9002902,712.7493835,0.84909325,,,,,425,4.22E-05,2.85E-01,,,,,,
426,714.0827896,714.0827718,0.00001773,,,,,426,5.19E-05,2.73E-01,,,,,,
427,716.1124138,716.1123965,0.00001733,,,,,427,4.69E-05,2.89E-01,,,,,,
428,717.4825799,717.4825697,0.00001017,,,,,428,4.98E-05,3.05E-01,,,,,,
429,718.742796,718.7427866,0.00000946,,,,,429,5.12E-05,3.24E-01,,,,,,
430,719.6971145,719.697101,0.00001353,,,,,430,6.59E-05,3.25E-01,,,,,,
431,721.3511538,721.3511622,0.00000841,,,,,431,5.30E-05,3.25E-01,,,,,,
432,722.2775196,722.277505,0.0000146,,,,,432,4.78E-05,3.25E-01,,,,,,
433,724.5626995,723.8458211,0.71687844,,,,,433,5.22E-05,3.06E-01,,,,,,
434,724.5626344,724.5626139,0.0000205,,,,,434,3.58E-05,3.46E-01,,,,,,
435,727.0564289,727.0564032,0.00002567,,,,,435,5.25E-05,2.82E-01,,,,,,
436,728.405452,728.4054816,0.00002961,,,,,436,3.86E-05,3.04E-01,,,,,,
437,728.758792,728.7587498,0.0000422,,,,,437,3.46E-05,3.60E-01,,,,,,
438,730.4177362,730.4164821,0.00125412,,,,,438,3.63E-05,2.83E-01,,,,,,
439,731.417366,731.4173549,0.00001109,,,,,439,5.06E-05,3.20E-01,,,,,,
440,732.8180684,732.8180527,0.00001571,,,,,440,5.29E-05,3.53E-01,,,,,,
441,734.789661,734.7896433,0.00001776,,,,,441,3.81E-05,3.85E-01,,,,,,
442,735.7654624,735.7654592,0.00000314,,,,,442,3.45E-05,2.94E-01,,,,,,
443,737.0529457,737.0529289,0.00001683,,,,,443,5.62E-05,3.75E-01,,,,,,
444,738.5804315,738.5804212,0.00001033,,,,,444,4.94E-05,2.80E-01,,,,,,
445,736.693423,739.9095237,3.21610072,,,,,445,1.57E-03,3.12E-01,,,,,,
446,739.9095925,740.5738075,0.66421495,,,,,446,9.79E-05,3.51E-01,,,,,,
447,741.7573543,741.7573356,0.00001875,,,,,447,7.43E-05,2.69E-01,,,,,,
448,743.8950322,743.8950131,0.00001902,,,,,448,5.25E-05,3.52E-01,,,,,,
449,745.3449941,745.3449896,0.00000458,,,,,449,3.63E-05,3.03E-01,,,,,,
450,746.499327,746.4993059,0.00002111,,,,,450,4.15E-05,3.02E-01,,,,,,
451,748.2427844,747.6745636,0.5682208,,,,,451,5.27E-05,3.80E-01,,,,,,
452,748.242784,748.2427545,0.00002952,,,,,452,5.16E-05,2.93E-01,,,,,,
453,750.9753473,750.6559504,0.3193969,,,,,453,3.61E-05,3.26E-01,,,,,,
454,750.9663801,750.9663811,0.00000102,,,,,454,3.51E-05,3.36E-01,,,,,,
455,752.8876409,752.8876216,0.00001937,,,,,455,3.77E-05,3.22E-01,,,,,,
456,754.3223762,754.3223705,0.00000569,,,,,456,4.64E-05,2.70E-01,,,,,,
457,755.839336,755.839309,0.00002703,,,,,457,4.04E-05,3.08E-01,,,,,,
458,756.7682346,756.7682484,0.00001385,,,,,458,3.56E-05,2.86E-01,,,,,,
459,758.9413362,758.1017293,0.83960694,,,,,459,5.49E-05,3.11E-01,,,,,,
460,756.696391,758.9002382,2.20384726,,,,,460,3.42E-05,3.43E-01,,,,,,
461,760.2823963,760.282367,0.00002931,,,,,461,3.59E-05,3.21E-01,,,,,,
462,762.7000491,762.7000333,0.00001589,,,,,462,3.55E-05,3.26E-01,,,,,,
463,763.5930668,763.5930662,0.0000006,,,,,463,3.71E-05,2.97E-01,,,,,,
464,764.3075364,764.3075227,0.00001369,,,,,464,5.45E-05,3.37E-01,,,,,,
465,766.0875546,766.0875401,0.00001449,,,,,465,3.81E-05,2.94E-01,,,,,,
466,767.2184785,767.2184722,0.0000063,,,,,466,3.86E-05,2.91E-01,,,,,,
467,768.2814735,768.2814618,0.00001167,,,,,467,8.31E-05,3.13E-01,,,,,,
468,769.6934196,769.6934073,0.00001236,,,,,468,4.40E-05,3.10E-01,,,,,,
469,771.0708518,771.0708393,0.00001252,,,,,469,3.89E-05,3.28E-01,,,,,,
470,772.9616386,772.9616176,0.00002106,,,,,470,4.55E-05,3.07E-01,,,,,,
471,774.1177365,774.1177446,0.00000811,,,,,471,3.57E-05,3.05E-01,,,,,,
472,775.0474426,775.0478471,0.00040449,,,,,472,5.19E-05,2.76E-01,,,,,,
473,775.999733,775.999712,0.00002104,,,,,473,4.23E-05,3.58E-01,,,,,,
474,777.2997703,777.2997485,0.00002175,,,,,474,4.10E-05,2.79E-01,,,,,,
475,779.1570853,779.157077,0.00000835,,,,,475,3.72E-05,3.98E-01,,,,,,
476,780.3489415,780.348925,0.00001645,,,,,476,4.12E-05,3.36E-01,,,,,,
477,782.1376643,782.1376644,0.00000008,,,,,477,4.62E-05,2.94E-01,,,,,,
478,782.5979623,782.597944,0.00001836,,,,,478,3.71E-05,3.39E-01,,,,,,
479,784.2888309,784.2888226,0.00000829,,,,,479,3.83E-05,3.62E-01,,,,,,
480,785.7391622,785.7390897,0.00007245,,,,,480,4.85E-05,3.29E-01,,,,,,
481,787.4684897,786.4611475,1.00734229,,,,,481,5.80E-05,3.75E-01,,,,,,
482,787.4684897,787.4684638,0.00002592,,,,,482,4.52E-05,2.97E-01,,,,,,
483,790.0591143,790.0590924,0.00002198,,,,,483,3.55E-05,2.82E-01,,,,,,
484,790.8316181,790.8316205,0.00000235,,,,,484,4.64E-05,3.55E-01,,,,,,
485,792.4258465,792.4277076,0.00186112,,,,,485,4.49E-05,3.19E-01,,,,,,
486,792.888647,792.8886526,0.0000056,,,,,486,3.71E-05,3.31E-01,,,,,,
487,794.4838078,794.4837919,0.00001593,,,,,487,3.59E-05,2.71E-01,,,,,,
488,795.6066038,795.6065962,0.0000076,,,,,488,5.15E-05,3.81E-01,,,,,,
489,797.2634873,797.26347,0.00001727,,,,,489,3.65E-05,3.30E-01,,,,,,
490,798.7075734,798.7075702,0.00000325,,,,,490,3.54E-05,2.69E-01,,,,,,
491,799.6543519,799.6543362,0.00001569,,,,,491,5.35E-05,2.80E-01,,,,,,
492,801.6042625,801.6042465,0.00001607,,,,,492,4.22E-05,3.29E-01,,,,,,
493,803.3419916,802.5419849,0.80000673,,,,,493,3.72E-05,3.12E-01,,,,,,
494,803.2431133,803.2430962,0.00001708,,,,,494,4.74E-05,2.77E-01,,,,,,
495,804.762242,804.7622391,0.0000029,,,,,495,4.13E-05,2.80E-01,,,,,,
496,805.8616506,805.8616357,0.00001497,,,,,496,4.49E-05,3.32E-01,,,,,,
497,808.1518385,808.1518149,0.00002353,,,,,497,3.62E-05,3.21E-01,,,,,,
498,809.1977717,809.1977834,0.00001166,,,,,498,3.54E-05,3.42E-01,,,,,,
499,810.0818295,810.0818049,0.0000246,,,,,499,4.71E-05,2.93E-01,,,,,,
500,811.1843605,811.1843589,0.0000016,,,,,500,3.46E-05,3.31E-01,,,,,,
501,812.771129,812.7711084,0.00002059,,,,,501,6.60E-05,3.01E-01,,,,,,
502,814.556176,814.0459136,0.51026236,,,,,502,3.59E-05,3.04E-01,,,,,,
503,814.8705594,814.8705396,0.00001982,,,,,503,7.43E-05,2.71E-01,,,,,,
504,816.7277498,816.7277377,0.00001208,,,,,504,4.54E-05,3.10E-01,,,,,,
505,818.3806851,818.3806689,0.00001622,,,,,505,4.16E-05,2.86E-01,,,,,,
506,819.204642,819.2046422,0.00000016,,,,,506,5.39E-05,3.43E-01,,,,,,
507,820.7219195,820.7218984,0.00002107,,,,,507,3.66E-05,2.93E-01,,,,,,
508,820.743301,821.7134541,0.9701531,,,,,508,7.31E-05,2.97E-01,,,,,,
509,822.1844906,822.1977575,0.01326685,,,,,509,4.72E-05,4.34E-01,,,,,,
510,824.5263092,824.5262939,0.00001534,,,,,510,3.58E-05,2.87E-01,,,,,,
511,826.0392949,826.0392874,0.00000748,,,,,511,4.06E-05,3.32E-01,,,,,,
512,826.905821,826.905811,0.00001007,,,,,512,3.59E-05,3.23E-01,,,,,,
513,828.3401845,828.3401743,0.00001015,,,,,513,4.32E-05,2.55E-01,,,,,,
514,829.4370209,829.437011,0.00000988,,,,,514,4.93E-05,3.41E-01,,,,,,
515,830.8958931,830.8958841,0.00000899,,,,,515,3.59E-05,3.19E-01,,,,,,
516,831.799784,831.7997777,0.00000633,,,,,516,3.59E-05,2.72E-01,,,,,,
517,833.0036526,833.0036409,0.00001166,,,,,517,3.67E-05,2.80E-01,,,,,,
518,834.65193,834.6519152,0.00001482,,,,,518,3.65E-05,2.57E-01,,,,,,
519,836.6935944,836.6935762,0.0000182,,,,,519,5.55E-05,3.46E-01,,,,,,
520,837.3473314,837.3473351,0.00000369,,,,,520,3.66E-05,2.92E-01,,,,,,
521,838.2490325,838.249022,0.00001047,,,,,521,3.72E-05,3.05E-01,,,,,,
522,839.465407,839.4653948,0.00001222,,,,,522,3.52E-05,3.86E-01,,,,,,
523,841.0364002,841.0363898,0.00001035,,,,,523,8.19E-05,4.64E-01,,,,,,
524,842.0413664,842.0413542,0.00001216,,,,,524,3.61E-05,3.21E-01,,,,,,
525,844.166219,844.1661966,0.0000224,,,,,525,3.70E-05,2.95E-01,,,,,,
526,844.8059868,844.805994,0.00000716,,,,,526,3.68E-05,3.25E-01,,,,,,
527,846.1947898,846.1947699,0.00001985,,,,,527,3.60E-05,3.31E-01,,,,,,
528,847.9717093,847.9717176,0.00000836,,,,,528,4.27E-05,2.83E-01,,,,,,
529,848.4893051,848.4892812,0.00002394,,,,,529,3.57E-05,2.74E-01,,,,,,
530,850.6454717,849.8622744,0.78319739,,,,,530,5.46E-05,3.07E-01,,,,,,
531,850.6454711,850.6454485,0.00002262,,,,,531,5.21E-05,3.08E-01,,,,,,
532,853.1631326,853.1631126,0.00001997,,,,,532,7.82E-05,3.21E-01,,,,,,
533,854.0955085,854.0955117,0.00000325,,,,,533,4.48E-05,2.91E-01,,,,,,
534,855.286728,855.2867102,0.00001773,,,,,534,4.37E-05,2.72E-01,,,,,,
535,852.4500836,856.4841175,4.0340339,,,,,535,4.77E-05,3.03E-01,,,,,,
536,857.3107534,857.3107406,0.00001279,,,,,536,5.84E-05,2.77E-01,,,,,,
537,858.9040396,858.9040265,0.00001313,,,,,537,4.50E-05,2.81E-01,,,,,,
538,858.9441774,860.4106709,1.46649347,,,,,538,4.17E-05,3.22E-01,,,,,,
539,861.1711114,861.1710982,0.00001317,,,,,539,3.54E-05,4.38E-01,,,,,,
540,863.1897345,863.1897198,0.00001468,,,,,540,3.95E-05,3.91E-01,,,,,,
541,864.3408296,864.3408239,0.0000057,,,,,541,3.61E-05,2.73E-01,,,,,,
542,865.5946702,865.5946643,0.00000586,,,,,542,5.09E-05,2.72E-01,,,,,,
543,866.4237491,866.4237399,0.00000914,,,,,543,3.61E-05,2.82E-01,,,,,,
544,873.2229061,867.6931226,5.52978351,,,,,544,4.73E-05,3.39E-01,,,,,,
545,868.6705093,868.6704942,0.00001505,,,,,545,5.84E-05,2.99E-01,,,,,,
546,870.8469187,870.8469023,0.00001633,,,,,546,5.12E-05,3.10E-01,,,,,,
547,872.1887545,872.1887508,0.00000369,,,,,547,6.89E-05,3.08E-01,,,,,,
548,873.0989973,873.098979,0.00001831,,,,,548,4.20E-05,2.78E-01,,,,,,
549,873.9083993,873.9083892,0.00001002,,,,,549,4.33E-05,3.40E-01,,,,,,
550,875.9852439,875.9852851,0.0000412,,,,,550,5.21E-05,3.16E-01,,,,,,
551,876.6007321,876.6008258,0.00009376,,,,,551,4.21E-05,3.51E-01,,,,,,
552,877.6547149,877.6546983,0.00001651,,,,,552,4.89E-05,2.78E-01,,,,,,
553,879.380963,879.380952,0.00001106,,,,,553,4.72E-05,2.51E-01,,,,,,
554,880.8346602,880.8346489,0.00001138,,,,,554,4.46E-05,2.87E-01,,,,,,
555,882.3867081,882.3866966,0.00001143,,,,,555,4.64E-05,3.06E-01,,,,,,
556,883.430334,883.4303318,0.0000022,,,,,556,6.12E-05,2.86E-01,,,,,,
557,884.1987502,884.1987431,0.00000709,,,,,557,4.56E-05,3.51E-01,,,,,,
558,885.2723155,885.2723045,0.00001098,,,,,558,4.38E-05,3.16E-01,,,,,,
559,886.8528149,886.852802,0.00001293,,,,,559,4.83E-05,2.71E-01,,,,,,
560,888.4755776,888.4755667,0.00001091,,,,,560,4.83E-05,3.21E-01,,,,,,
561,889.735302,889.7352943,0.00000768,,,,,561,5.41E-05,2.70E-01,,,,,,
562,890.8131422,890.8131321,0.00001012,,,,,562,4.47E-05,2.89E-01,,,,,,
563,892.3864251,892.3864333,0.00000815,,,,,563,4.80E-05,3.24E-01,,,,,,
564,893.1191237,893.1191176,0.00000615,,,,,564,4.64E-05,2.88E-01,,,,,,
565,895.4104728,894.8862923,0.52418044,,,,,565,4.33E-05,3.04E-01,,,,,,
566,926.6583076,895.3979197,31.26038793,,,,,566,5.33E-05,3.52E-01,,,,,,
567,896.6322689,896.6322516,0.00001732,,,,,567,6.57E-05,3.83E-01,,,,,,
568,899.2215584,899.2215227,0.00003572,,,,,568,7.34E-05,3.38E-01,,,,,,
569,899.8588509,899.8588846,0.0000337,,,,,569,8.02E-05,2.84E-01,,,,,,
570,900.8497756,900.8497399,0.00003573,,,,,570,8.52E-05,2.88E-01,,,,,,
571,901.8513903,902.2432076,0.39181732,,,,,571,9.74E-05,2.84E-01,,,,,,
572,903.0997052,903.0996744,0.00003078,,,,,572,5.43E-05,2.39E-01,,,,,,
573,904.7028977,904.7029027,0.00000506,,,,,573,1.03E-04,2.88E-01,,,,,,
574,905.8299616,905.8299408,0.00002085,,,,,574,5.24E-05,3.19E-01,,,,,,
575,907.6567233,907.6567295,0.00000622,,,,,575,5.00E-05,3.18E-01,,,,,,
576,908.3335597,908.3335437,0.00001608,,,,,576,5.49E-05,3.03E-01,,,,,,
577,910.1863436,910.1863341,0.00000956,,,,,577,4.02E-05,3.31E-01,,,,,,
578,911.2349603,911.2349515,0.00000884,,,,,578,3.82E-05,3.01E-01,,,,,,
579,912.8346255,912.3310456,0.50357994,,,,,579,3.50E-05,2.81E-01,,,,,,
580,912.3311223,912.8239993,0.49287694,,,,,580,4.27E-05,3.27E-01,,,,,,
581,914.730111,914.730097,0.00001401,,,,,581,5.72E-05,3.72E-01,,,,,,
582,916.3550097,916.3550008,0.00000892,,,,,582,9.32E-05,3.78E-01,,,,,,
583,917.8253933,917.8253776,0.00001577,,,,,583,4.19E-05,3.06E-01,,,,,,
584,919.4183129,918.8365352,0.58177765,,,,,584,3.74E-05,3.09E-01,,,,,,
585,919.4483658,919.4483444,0.00002131,,,,,585,3.59E-05,3.38E-01,,,,,,
586,921.1564029,921.1563955,0.0000074,,,,,586,5.67E-05,2.90E-01,,,,,,
587,816.3060386,922.5006293,106.1945907,,,,,587,3.78E-05,3.16E-01,,,,,,
588,923.2857215,923.2857198,0.00000167,,,,,588,3.59E-05,3.05E-01,,,,,,
589,924.7734995,924.7734839,0.00001555,,,,,589,3.65E-05,3.54E-01,,,,,,
590,926.5515609,926.5515528,0.00000808,,,,,590,3.61E-05,2.76E-01,,,,,,
591,927.8508747,927.850859,0.00001573,,,,,591,3.63E-05,3.11E-01,,,,,,
592,928.6636539,928.6636593,0.0000054,,,,,592,5.34E-05,2.90E-01,,,,,,
593,929.8741147,929.8740929,0.00002183,,,,,593,5.22E-05,2.86E-01,,,,,,
594,931.852763,931.0092113,0.84355161,,,,,594,3.81E-05,3.03E-01,,,,,,
595,931.8527629,931.8527408,0.00002219,,,,,595,3.83E-05,3.17E-01,,,,,,
596,934.3853256,934.3853068,0.00001873,,,,,596,8.37E-05,3.27E-01,,,,,,
597,934.9954211,934.9954249,0.00000379,,,,,597,4.23E-05,3.35E-01,,,,,,
598,936.2286612,936.2286494,0.00001185,,,,,598,4.43E-05,3.20E-01,,,,,,
599,937.5329353,937.5329257,0.00000955,,,,,599,5.29E-05,2.58E-01,,,,,,
600,939.0235936,939.0243009,0.00070731,,,,,600,4.00E-05,3.17E-01,,,,,,
601,939.6609499,939.6609406,0.00000929,,,,,601,4.40E-05,3.21E-01,,,,,,
602,944.0672895,941.1569996,2.91028984,,,,,602,6.60E-05,2.89E-01,,,,,,
603,942.0523537,942.0523416,0.00001206,,,,,603,4.31E-05,2.87E-01,,,,,,
604,944.1880522,944.1880358,0.00001634,,,,,604,5.25E-05,4.22E-01,,,,,,
605,945.3335621,945.3335625,0.00000043,,,,,605,4.32E-05,2.73E-01,,,,,,
606,946.7650102,946.7658422,0.00083199,,,,,606,3.94E-05,3.17E-01,,,,,,
607,946.7840184,947.0791831,0.29516474,,,,,607,4.59E-05,2.86E-01,,,,,,
608,948.3466649,948.3466463,0.00001866,,,,,608,3.80E-05,2.71E-01,,,,,,
609,950.1515674,950.1516127,0.00004525,,,,,609,4.46E-05,3.22E-01,,,,,,
610,951.0332592,951.0332487,0.00001048,,,,,610,3.75E-05,3.20E-01,,,,,,
611,952.7280002,952.7279886,0.00001157,,,,,611,5.77E-05,3.97E-01,,,,,,
612,954.1297225,954.1297193,0.00000327,,,,,612,3.72E-05,3.17E-01,,,,,,
613,954.8293184,954.8293089,0.00000942,,,,,613,4.46E-05,3.02E-01,,,,,,
614,956.6754924,956.6754793,0.0000131,,,,,614,3.81E-05,2.87E-01,,,,,,
615,957.0013174,957.5100526,0.50873521,,,,,615,4.76E-05,2.71E-01,,,,,,
616,950.1493272,958.4145934,8.26526616,,,,,616,4.28E-05,3.45E-01,,,,,,
617,959.4591809,959.4591688,0.00001213,,,,,617,3.79E-05,3.24E-01,,,,,,
618,961.66959,961.6695725,0.00001753,,,,,618,5.35E-05,3.17E-01,,,,,,
619,963.1820699,963.1820867,0.00001675,,,,,619,3.74E-05,3.23E-01,,,,,,
620,963.5670702,963.5670402,0.00003003,,,,,620,3.90E-05,3.52E-01,,,,,,
621,965.0555798,965.0555796,0.00000022,,,,,621,3.64E-05,3.18E-01,,,,,,
622,966.1107699,966.1107548,0.00001507,,,,,622,3.91E-05,3.11E-01,,,,,,
623,967.3711568,967.3711538,0.00000302,,,,,623,4.70E-05,3.86E-01,,,,,,
624,968.6363161,968.6363019,0.00001419,,,,,624,5.61E-05,2.75E-01,,,,,,
625,970.1256124,970.1256106,0.00000183,,,,,625,4.38E-05,2.87E-01,,,,,,
626,971.0715047,971.0714915,0.00001318,,,,,626,3.67E-05,3.35E-01,,,,,,
627,973.1853779,973.1853613,0.00001657,,,,,627,8.56E-05,2.96E-01,,,,,,
628,973.8730731,973.873079,0.00000585,,,,,628,5.35E-05,2.86E-01,,,,,,
629,974.7746489,974.7746351,0.00001386,,,,,629,3.75E-05,3.22E-01,,,,,,
630,976.9172164,976.1785024,0.73871397,,,,,630,8.67E-05,3.05E-01,,,,,,
631,976.9172103,976.9172021,0.00000813,,,,,631,3.95E-05,2.42E-01,,,,,,
632,978.7666845,978.7666715,0.00001291,,,,,632,5.15E-05,3.07E-01,,,,,,
633,980.5780115,980.5780006,0.00001082,,,,,633,5.22E-05,2.81E-01,,,,,,
634,981.2886175,981.2886153,0.00000222,,,,,634,4.14E-05,3.54E-01,,,,,,
635,982.3964948,982.3964852,0.00000964,,,,,635,3.71E-05,2.68E-01,,,,,,
636,983.5750836,983.575076,0.00000757,,,,,636,4.33E-05,3.37E-01,,,,,,
637,985.1869304,985.1869287,0.00000173,,,,,637,3.66E-05,3.22E-01,,,,,,
638,986.7560333,986.1305151,0.62551818,,,,,638,5.26E-05,2.84E-01,,,,,,
639,986.7560282,986.7560084,0.00001979,,,,,639,3.71E-05,3.56E-01,,,,,,
640,988.9926354,988.9926224,0.00001303,,,,,640,4.93E-05,3.90E-01,,,,,,
641,990.2239221,990.2239178,0.00000428,,,,,641,3.64E-05,3.05E-01,,,,,,
642,991.3743051,991.3742942,0.00001096,,,,,642,3.61E-05,2.73E-01,,,,,,
643,1015.953716,992.7286963,23.22502009,,,,,643,3.62E-05,3.20E-01,,,,,,
644,993.8534607,993.214581,0.6388797,,,,,644,4.46E-05,3.51E-01,,,,,,
645,994.4046019,994.4045906,0.0000113,,,,,645,3.73E-05,2.71E-01,,,,,,
646,996.2053476,996.2053362,0.00001143,,,,,646,5.26E-05,3.51E-01,,,,,,
647,997.5119416,997.5119348,0.0000068,,,,,647,4.34E-05,3.70E-01,,,,,,
648,998.8275571,998.8275471,0.00000996,,,,,648,5.47E-05,2.79E-01,,,,,,
649,999.7915766,999.7915716,0.00000505,,,,,649,4.60E-05,2.89E-01,,,,,,
650,1001.349498,1001.349483,0.00001512,,,,,650,4.80E-05,3.19E-01,,,,,,
651,1002.4043,1002.404305,0.0000051,,,,,651,5.05E-05,2.89E-01,,,,,,
652,1003.267826,1003.267808,0.0000178,,,,,652,4.86E-05,3.03E-01,,,,,,
653,1005.722137,1004.675044,1.0470924,,,,,653,3.73E-05,3.82E-01,,,,,,
654,1005.543437,1005.54342,0.00001639,,,,,654,1.15E-04,3.35E-01,,,,,,
655,1008.006723,1008.006704,0.00001886,,,,,655,3.81E-05,2.91E-01,,,,,,
656,1008.795703,1008.79571,0.00000673,,,,,656,4.92E-05,2.74E-01,,,,,,
657,1009.806201,1009.806591,0.00038995,,,,,657,4.22E-05,2.72E-01,,,,,,
658,1010.569763,1010.569757,0.0000062,,,,,658,3.83E-05,2.60E-01,,,,,,
659,1013.589402,1012.410043,1.17935907,,,,,659,4.44E-05,3.17E-01,,,,,,
660,1013.058642,1013.058638,0.0000034,,,,,660,4.86E-05,3.25E-01,,,,,,
661,1014.689645,1014.689633,0.0000121,,,,,661,3.69E-05,3.28E-01,,,,,,
662,1016.060185,1016.060179,0.00000646,,,,,662,4.36E-05,3.50E-01,,,,,,
663,1017.266412,1017.266402,0.00000919,,,,,663,4.02E-05,2.67E-01,,,,,,
664,1018.605581,1018.605573,0.00000881,,,,,664,3.98E-05,3.77E-01,,,,,,
665,1019.912446,1019.91244,0.00000616,,,,,665,3.56E-05,2.83E-01,,,,,,
666,1021.544347,1020.917475,0.62687246,,,,,666,5.19E-05,3.34E-01,,,,,,
667,1022.877206,1021.544345,1.33286162,,,,,667,3.99E-05,3.18E-01,,,,,,
668,1022.885285,1022.885271,0.00001447,,,,,668,4.05E-05,3.39E-01,,,,,,
669,1025.265744,1025.265724,0.00001989,,,,,669,3.74E-05,3.12E-01,,,,,,
670,1025.707938,1025.707944,0.0000064,,,,,670,5.70E-05,3.33E-01,,,,,,
671,1027.467712,1027.467694,0.0000188,,,,,671,4.68E-05,2.96E-01,,,,,,
672,1028.128956,1028.128964,0.00000799,,,,,672,3.81E-05,3.05E-01,,,,,,
673,1029.227312,1029.227297,0.0000141,,,,,673,4.14E-05,3.32E-01,,,,,,
674,1030.897357,1030.897369,0.00001133,,,,,674,4.65E-05,3.35E-01,,,,,,
675,1031.875946,1031.83318,0.04276566,,,,,675,3.74E-05,4.10E-01,,,,,,
676,1032.812893,1032.812883,0.00001022,,,,,676,7.64E-05,3.32E-01,,,,,,
677,1034.612927,1034.612916,0.0000118,,,,,677,3.68E-05,3.45E-01,,,,,,
678,1036.195924,1036.195917,0.00000711,,,,,678,5.42E-05,3.62E-01,,,,,,
679,1037.024714,1037.024708,0.00000608,,,,,679,3.88E-05,2.62E-01,,,,,,
680,1038.087758,1038.087752,0.00000556,,,,,680,3.57E-05,2.87E-01,,,,,,
681,1039.077409,1039.077401,0.00000751,,,,,681,3.55E-05,3.62E-01,,,,,,
682,1040.264045,1040.264038,0.0000073,,,,,682,3.58E-05,3.04E-01,,,,,,
683,1041.621539,1041.621528,0.00001066,,,,,683,5.20E-05,3.29E-01,,,,,,
684,1043.623971,1043.623954,0.00001676,,,,,684,4.67E-05,3.30E-01,,,,,,
685,1044.514957,1044.514976,0.00001851,,,,,685,3.73E-05,3.42E-01,,,,,,
686,1045.107062,1045.107042,0.00001998,,,,,686,4.44E-05,3.11E-01,,,,,,
687,1047.089826,1047.089817,0.00000888,,,,,687,5.39E-05,3.59E-01,,,,,,
688,1047.987152,1047.987147,0.00000429,,,,,688,3.63E-05,2.72E-01,,,,,,
689,1048.95375,1048.953785,0.00003484,,,,,689,3.72E-05,2.89E-01,,,,,,
690,1049.996292,1049.996284,0.00000821,,,,,690,4.14E-05,3.43E-01,,,,,,
691,1051.576583,1051.576572,0.00001103,,,,,691,3.74E-05,3.78E-01,,,,,,
692,1053.245795,1053.245785,0.00000943,,,,,692,4.14E-05,3.92E-01,,,,,,
693,1054.781053,1054.781039,0.00001341,,,,,693,3.61E-05,3.48E-01,,,,,,
694,1055.002143,1055.002146,0.00000316,,,,,694,4.45E-05,3.78E-01,,,,,,
695,1057.100053,1056.688847,0.41120531,,,,,695,8.64E-05,3.45E-01,,,,,,
696,1057.099828,1057.100044,0.00021538,,,,,696,4.90E-05,3.73E-01,,,,,,
697,1059.133782,1059.133769,0.00001244,,,,,697,3.66E-05,3.70E-01,,,,,,
698,1060.139515,1060.139519,0.00000394,,,,,698,4.25E-05,3.72E-01,,,,,,
699,1061.501324,1061.501304,0.00001953,,,,,699,5.46E-05,3.66E-01,,,,,,
700,1062.915378,1062.915382,0.00000314,,,,,700,3.92E-05,3.45E-01,,,,,,
701,1064.071571,1064.071551,0.00002026,,,,,701,4.04E-05,2.44E-01,,,,,,
702,1065.121849,1065.121855,0.00000612,,,,,702,3.83E-05,3.37E-01,,,,,,
703,1066.463241,1066.463223,0.00001802,,,,,703,3.84E-05,3.08E-01,,,,,,
704,1077.229381,1067.41886,9.81052132,,,,,704,4.00E-05,3.28E-01,,,,,,
705,1067.990029,1067.99,0.00002892,,,,,705,5.42E-05,4.53E-01,,,,,,
706,1070.535057,1070.535042,0.00001495,,,,,706,4.01E-05,4.65E-01,,,,,,
707,1071.618619,1071.618623,0.00000382,,,,,707,5.40E-05,3.24E-01,,,,,,
708,1072.544014,1072.543998,0.00001642,,,,,708,5.40E-05,3.01E-01,,,,,,
709,1073.570351,1073.570353,0.0000019,,,,,709,4.23E-05,2.83E-01,,,,,,
710,1074.747786,1074.747771,0.00001481,,,,,710,4.62E-05,3.94E-01,,,,,,
711,1076.961031,1076.266626,0.69440553,,,,,711,4.25E-05,3.27E-01,,,,,,
712,1076.92407,1076.924056,0.00001392,,,,,712,3.83E-05,2.68E-01,,,,,,
713,1078.647205,1078.647198,0.00000697,,,,,713,3.81E-05,4.04E-01,,,,,,
714,1079.809975,1079.809965,0.00000912,,,,,714,5.24E-05,3.20E-01,,,,,,
715,1081.171009,1081.171002,0.00000698,,,,,715,3.83E-05,3.76E-01,,,,,,
716,1082.952786,1082.95275,0.00003586,,,,,716,3.71E-05,3.38E-01,,,,,,
717,1083.011738,1083.295467,0.28372883,,,,,717,4.05E-05,3.91E-01,,,,,,
718,1084.183284,1084.183264,0.00001929,,,,,718,3.99E-05,3.19E-01,,,,,,
719,1085.647834,1085.647831,0.00000309,,,,,719,4.08E-05,3.73E-01,,,,,,
720,1086.912012,1086.911999,0.0000126,,,,,720,3.82E-05,3.52E-01,,,,,,
721,1088.755732,1088.755725,0.00000756,,,,,721,3.83E-05,3.45E-01,,,,,,
722,1089.795347,1089.795338,0.00000911,,,,,722,5.41E-05,3.77E-01,,,,,,
723,1090.863191,1090.863191,0.0000005,,,,,723,3.90E-05,3.63E-01,,,,,,
724,1091.728486,1091.728473,0.00001332,,,,,724,3.76E-05,3.42E-01,,,,,,
725,1093.440855,1093.440873,0.00001852,,,,,725,6.33E-05,3.60E-01,,,,,,
726,1094.284468,1094.284458,0.00001084,,,,,726,3.92E-05,2.73E-01,,,,,,
727,1135.393839,1095.433085,39.9607543,,,,,727,3.76E-05,3.58E-01,,,,,,
728,1096.401932,1096.401918,0.00001395,,,,,728,3.66E-05,3.46E-01,,,,,,
729,1098.841036,1098.841015,0.00002097,,,,,729,4.91E-05,3.65E-01,,,,,,
730,1099.360656,1099.360667,0.00001091,,,,,730,3.87E-05,2.78E-01,,,,,,
731,1100.574475,1100.574461,0.00001428,,,,,731,4.43E-05,2.33E-01,,,,,,
732,1121.598681,1101.839111,19.75956956,,,,,732,3.90E-05,3.26E-01,,,,,,
733,1102.552352,1102.55178,0.00057188,,,,,733,4.11E-05,3.58E-01,,,,,,
734,1103.732306,1103.732297,0.00000908,,,,,734,4.14E-05,3.25E-01,,,,,,
735,1105.617201,1105.617189,0.00001219,,,,,735,3.89E-05,3.63E-01,,,,,,
736,1106.774373,1106.774372,0.00000107,,,,,736,4.11E-05,3.85E-01,,,,,,
737,1107.774543,1107.774532,0.0000112,,,,,737,3.86E-05,3.76E-01,,,,,,
738,1109.158924,1109.158919,0.00000544,,,,,738,3.80E-05,3.56E-01,,,,,,
739,1110.444153,1110.444143,0.00001042,,,,,739,3.74E-05,2.83E-01,,,,,,
740,1111.443506,1111.443505,0.00000158,,,,,740,3.67E-05,2.59E-01,,,,,,
741,1111.384908,1112.432995,1.04808711,,,,,741,3.93E-05,2.90E-01,,,,,,
742,1113.397601,1113.397595,0.00000617,,,,,742,3.90E-05,3.53E-01,,,,,,
743,1115.065371,1115.065359,0.00001168,,,,,743,3.69E-05,3.12E-01,,,,,,
744,1116.787261,1116.787254,0.00000752,,,,,744,3.68E-05,3.47E-01,,,,,,
745,1117.965929,1117.96592,0.00000948,,,,,745,7.72E-05,3.69E-01,,,,,,
746,1118.60575,1118.684135,0.07838532,,,,,746,3.71E-05,2.75E-01,,,,,,
747,1119.473259,1119.473247,0.00001127,,,,,747,3.89E-05,2.64E-01,,,,,,
748,1121.155947,1121.155938,0.00000971,,,,,748,4.54E-05,3.09E-01,,,,,,
749,1123.122853,1122.458621,0.66423166,,,,,749,4.13E-05,4.36E-01,,,,,,
750,1123.101129,1123.101117,0.00001113,,,,,750,4.15E-05,3.65E-01,,,,,,
751,1125.314746,1125.314729,0.00001637,,,,,751,3.93E-05,3.99E-01,,,,,,
752,1125.763439,1125.763442,0.00000357,,,,,752,3.98E-05,4.33E-01,,,,,,
753,1127.658043,1127.658024,0.00001967,,,,,753,3.68E-05,4.39E-01,,,,,,
754,1128.430215,1128.430225,0.00001002,,,,,754,3.87E-05,2.99E-01,,,,,,
755,1130.406706,1129.728997,0.6777092,,,,,755,3.80E-05,3.39E-01,,,,,,
756,1131.495489,1130.391598,1.10389068,,,,,756,3.68E-05,3.62E-01,,,,,,
757,1131.495102,1131.495086,0.00001693,,,,,757,4.36E-05,2.64E-01,,,,,,
758,1133.708636,1133.708626,0.00001069,,,,,758,4.05E-05,4.30E-01,,,,,,
759,1134.885658,1134.885655,0.00000311,,,,,759,7.98E-05,2.97E-01,,,,,,
760,1135.56222,1135.562214,0.00000611,,,,,760,4.48E-05,4.15E-01,,,,,,
761,1136.929303,1136.929293,0.00000962,,,,,761,4.73E-05,3.42E-01,,,,,,
762,1138.151629,1138.15159,0.00003897,,,,,762,5.41E-05,2.99E-01,,,,,,
763,1138.992352,1138.992342,0.00000985,,,,,763,4.06E-05,3.38E-01,,,,,,
764,1141.279695,1140.721848,0.55784678,,,,,764,5.23E-05,3.60E-01,,,,,,
765,1141.261027,1141.261023,0.00000401,,,,,765,3.88E-05,2.93E-01,,,,,,
766,1142.858671,1142.85866,0.00001104,,,,,766,8.90E-05,3.85E-01,,,,,,
767,1144.78231,1144.7823,0.00001093,,,,,767,4.91E-05,3.63E-01,,,,,,
768,1145.485328,1145.485328,0.0000004,,,,,768,4.30E-05,3.48E-01,,,,,,
769,1146.576823,1146.576815,0.00000819,,,,,769,4.75E-05,2.58E-01,,,,,,
770,1147.501781,1147.501777,0.00000453,,,,,770,3.75E-05,3.55E-01,,,,,,
771,1148.615284,1148.615277,0.00000727,,,,,771,3.61E-05,3.11E-01,,,,,,
772,1149.98261,1149.982601,0.0000089,,,,,772,3.69E-05,3.43E-01,,,,,,
773,1151.562823,1151.562815,0.00000855,,,,,773,3.70E-05,4.07E-01,,,,,,
774,1152.943137,1152.943129,0.00000815,,,,,774,4.25E-05,3.53E-01,,,,,,
775,1153.890305,1153.890304,0.00000078,,,,,775,3.68E-05,2.80E-01,,,,,,
776,1154.69753,1154.69752,0.00001049,,,,,776,4.69E-05,3.73E-01,,,,,,
777,1156.621579,1156.621568,0.00001103,,,,,777,3.86E-05,3.00E-01,,,,,,
778,1158.001618,1157.432315,0.56930294,,,,,778,3.70E-05,3.00E-01,,,,,,
779,1160.699654,1158.001609,2.69804452,,,,,779,3.72E-05,3.56E-01,,,,,,
780,1159.480667,1159.480657,0.00000994,,,,,780,3.77E-05,3.21E-01,,,,,,
781,1161.396656,1161.396645,0.00001127,,,,,781,4.12E-05,4.29E-01,,,,,,
782,1162.48753,1162.487529,0.00000147,,,,,782,3.77E-05,3.31E-01,,,,,,
783,1163.701045,1163.701032,0.00001375,,,,,783,3.74E-05,3.58E-01,,,,,,
784,1165.271249,1164.737586,0.5336623,,,,,784,4.93E-05,3.72E-01,,,,,,
785,1165.271118,1165.271228,0.00010984,,,,,785,3.88E-05,3.07E-01,,,,,,
786,1166.943619,1166.943613,0.00000538,,,,,786,3.64E-05,3.70E-01,,,,,,
787,1168.086281,1168.086272,0.00000945,,,,,787,3.75E-05,3.27E-01,,,,,,
788,1169.698352,1169.698357,0.00000531,,,,,788,3.63E-05,3.72E-01,,,,,,
789,1170.463646,1170.463639,0.00000747,,,,,789,3.74E-05,3.45E-01,,,,,,
790,1172.12069,1172.120682,0.00000842,,,,,790,3.65E-05,3.50E-01,,,,,,
791,1173.305695,1173.305688,0.00000706,,,,,791,3.67E-05,3.83E-01,,,,,,
792,1174.232768,1174.232767,0.00000105,,,,,792,3.88E-05,2.74E-01,,,,,,
793,1175.215465,1175.215452,0.00001223,,,,,793,3.62E-05,3.17E-01,,,,,,
794,1179.698804,1176.632876,3.06592784,,,,,794,3.68E-05,3.10E-01,,,,,,
795,1177.106323,1177.106304,0.00001862,,,,,795,4.28E-05,3.37E-01,,,,,,
796,1179.701241,1179.701224,0.00001791,,,,,796,3.70E-05,3.05E-01,,,,,,
797,1180.653528,1180.653544,0.00001576,,,,,797,3.69E-05,3.18E-01,,,,,,
798,1181.267339,1181.267318,0.00002109,,,,,798,3.89E-05,3.24E-01,,,,,,
799,1182.582271,1182.58227,0.00000106,,,,,799,4.70E-05,2.90E-01,,,,,,
800,1183.712786,1183.712775,0.00001084,,,,,800,5.34E-05,3.88E-01,,,,,,
801,1185.875334,1185.155843,0.71949071,,,,,801,4.50E-05,3.37E-01,,,,,,
802,1185.875366,1185.875359,0.00000696,,,,,802,5.01E-05,3.34E-01,,,,,,
803,1187.34517,1187.345161,0.0000089,,,,,803,5.18E-05,3.51E-01,,,,,,
804,1188.856451,1188.856444,0.00000679,,,,,804,3.90E-05,3.11E-01,,,,,,
805,1189.963644,1189.963637,0.00000764,,,,,805,4.05E-05,2.65E-01,,,,,,
806,1191.482611,1191.482606,0.00000541,,,,,806,4.53E-05,2.83E-01,,,,,,
807,1192.21862,1192.218611,0.00000836,,,,,807,3.81E-05,2.97E-01,,,,,,
808,1192.21862,1193.324021,1.10540159,,,,,808,3.75E-05,3.14E-01,,,,,,
809,1193.854932,1193.857427,0.00249564,,,,,809,3.63E-05,3.68E-01,,,,,,
810,1196.034681,1196.034672,0.00000932,,,,,810,3.81E-05,3.78E-01,,,,,,
811,1197.071791,1197.071787,0.00000453,,,,,811,3.86E-05,4.00E-01,,,,,,
812,1198.686582,1198.686569,0.00001254,,,,,812,3.69E-05,3.36E-01,,,,,,
813,1199.356512,1199.356514,0.00000217,,,,,813,3.91E-05,4.22E-01,,,,,,
814,1200.532702,1200.532692,0.00001037,,,,,814,3.69E-05,3.37E-01,,,,,,
815,1201.81034,1201.810335,0.00000485,,,,,815,6.66E-05,3.41E-01,,,,,,
816,1194.508552,1203.137351,8.62879849,,,,,816,5.11E-05,3.32E-01,,,,,,
817,1203.855269,1203.855248,0.00002093,,,,,817,5.69E-05,4.06E-01,,,,,,
818,1204.985503,1204.985492,0.00001059,,,,,818,4.81E-05,3.66E-01,,,,,,
819,1206.87051,1206.8705,0.00001003,,,,,819,5.34E-05,3.86E-01,,,,,,
820,1208.471466,1208.47146,0.0000065,,,,,820,3.79E-05,3.02E-01,,,,,,
821,1208.989486,1208.989484,0.00000189,,,,,821,4.68E-05,2.98E-01,,,,,,
822,1209.898037,1209.89803,0.00000726,,,,,822,4.07E-05,3.39E-01,,,,,,
823,1212.136843,1211.416116,0.72072754,,,,,823,3.71E-05,3.34E-01,,,,,,
824,1212.113157,1212.113153,0.00000399,,,,,824,3.86E-05,3.44E-01,,,,,,
825,1213.598383,1213.598373,0.00000994,,,,,825,4.44E-05,3.52E-01,,,,,,
826,1215.389985,1215.389975,0.00000953,,,,,826,3.95E-05,4.04E-01,,,,,,
827,1216.183722,1216.183722,0.00000009,,,,,827,4.41E-05,3.65E-01,,,,,,
828,1217.174492,1217.174483,0.00000992,,,,,828,5.36E-05,3.37E-01,,,,,,
829,1219.050039,1219.050028,0.00001037,,,,,829,3.67E-05,3.48E-01,,,,,,
830,1219.614471,1219.614471,0.00000016,,,,,830,5.08E-05,3.27E-01,,,,,,
831,1227.159684,1220.816348,6.34333587,,,,,831,4.24E-05,3.85E-01,,,,,,
832,1221.692356,1221.692242,0.00011385,,,,,832,8.86E-05,3.78E-01,,,,,,
833,1222.952494,1222.952484,0.00000962,,,,,833,4.43E-05,3.80E-01,,,,,,
834,1225.018344,1225.01833,0.00001425,,,,,834,5.04E-05,4.32E-01,,,,,,
835,1225.855016,1225.855021,0.00000506,,,,,835,5.35E-05,4.49E-01,,,,,,
836,1227.231853,1227.231828,0.00002537,,,,,836,4.99E-05,3.18E-01,,,,,,
837,1219.61447,1227.917142,8.30267169,,,,,837,4.29E-05,3.57E-01,,,,,,
838,1228.793176,1228.793154,0.0000218,,,,,838,3.75E-05,2.91E-01,,,,,,
839,1230.584595,1230.584603,0.0000077,,,,,839,3.74E-05,3.01E-01,,,,,,
840,1231.562285,1231.562274,0.00001156,,,,,840,4.67E-05,3.36E-01,,,,,,
841,1232.529589,1232.529587,0.00000177,,,,,841,4.59E-05,3.39E-01,,,,,,
842,1234.277831,1234.277817,0.00001408,,,,,842,4.86E-05,3.36E-01,,,,,,
843,1235.502544,1235.502549,0.00000427,,,,,843,5.70E-05,3.88E-01,,,,,,
844,1236.399033,1236.399017,0.00001541,,,,,844,5.13E-05,3.86E-01,,,,,,
845,1237.976812,1237.977299,0.00048622,,,,,845,8.96E-05,3.41E-01,,,,,,
846,1238.457331,1238.457233,0.00009819,,,,,846,4.40E-05,3.65E-01,,,,,,
847,1239.490799,1239.490807,0.00000813,,,,,847,3.87E-05,2.94E-01,,,,,,
848,1240.813483,1240.813472,0.00001139,,,,,848,5.19E-05,4.08E-01,,,,,,
849,1243.078094,1243.078076,0.00001711,,,,,849,5.03E-05,4.29E-01,,,,,,
850,1243.538137,1243.538147,0.00000936,,,,,850,4.83E-05,3.18E-01,,,,,,
851,1244.851445,1244.851434,0.00001099,,,,,851,5.50E-05,3.00E-01,,,,,,
852,1245.655867,1245.655866,0.00000097,,,,,852,4.09E-05,3.34E-01,,,,,,
853,1247.372417,1247.372562,0.0001451,,,,,853,4.31E-05,4.01E-01,,,,,,
854,1248.063052,1248.063061,0.00000896,,,,,854,3.96E-05,3.44E-01,,,,,,
855,1249.159902,1249.159888,0.00001415,,,,,855,3.88E-05,3.23E-01,,,,,,
856,1250.672399,1250.672397,0.00000131,,,,,856,3.79E-05,3.04E-01,,,,,,
857,1251.659843,1251.659832,0.00001122,,,,,857,4.09E-05,2.70E-01,,,,,,
858,1253.673586,1253.673578,0.00000773,,,,,858,3.86E-05,4.10E-01,,,,,,
859,1254.431334,1254.431328,0.00000528,,,,,859,5.90E-05,2.68E-01,,,,,,
860,1267.118214,1255.408231,11.70998338,,,,,860,4.13E-05,2.88E-01,,,,,,
861,1256.181228,1256.181214,0.00001364,,,,,861,4.03E-05,3.24E-01,,,,,,
862,1257.541224,1257.541219,0.00000438,,,,,862,3.83E-05,3.26E-01,,,,,,
863,1258.779243,1258.779233,0.00000915,,,,,863,3.81E-05,3.89E-01,,,,,,
864,1260.344555,1260.344548,0.00000634,,,,,864,3.74E-05,3.23E-01,,,,,,
865,1261.611726,1261.611717,0.00000835,,,,,865,3.74E-05,3.22E-01,,,,,,
866,1262.556615,1262.556614,0.00000114,,,,,866,5.23E-05,4.42E-01,,,,,,
867,1263.676743,1263.676733,0.00001058,,,,,867,3.92E-05,3.35E-01,,,,,,
868,1264.957225,1264.957223,0.00000164,,,,,868,4.21E-05,3.49E-01,,,,,,
869,1266.179052,1266.179038,0.00001386,,,,,869,3.90E-05,3.71E-01,,,,,,
870,1262.974721,1267.200346,4.22562494,,,,,870,4.18E-05,2.69E-01,,,,,,
871,1267.570602,1267.570572,0.00003048,,,,,871,3.92E-05,4.68E-01,,,,,,
872,1270.118934,1270.118922,0.00001195,,,,,872,3.91E-05,3.27E-01,,,,,,
873,1271.134298,1271.1343,0.00000117,,,,,873,3.87E-05,2.78E-01,,,,,,
874,1272.083969,1272.08396,0.00000983,,,,,874,5.40E-05,4.00E-01,,,,,,
875,1273.261148,1273.261145,0.00000377,,,,,875,3.90E-05,3.31E-01,,,,,,
876,1259.31824,1274.196221,14.87798094,,,,,876,4.04E-05,3.50E-01,,,,,,
877,1275.092038,1275.09203,0.0000078,,,,,877,4.19E-05,3.12E-01,,,,,,
878,1276.842171,1276.842172,0.00000031,,,,,878,3.88E-05,3.63E-01,,,,,,
879,1277.763097,1277.763092,0.00000452,,,,,879,3.80E-05,3.28E-01,,,,,,
880,1279.332851,1279.332843,0.00000805,,,,,880,5.91E-05,2.96E-01,,,,,,
881,1280.155797,1280.155794,0.00000269,,,,,881,4.07E-05,3.56E-01,,,,,,
882,1281.828741,1281.828727,0.00001363,,,,,882,5.36E-05,3.97E-01,,,,,,
883,1283.427398,1283.000491,0.42690613,,,,,883,4.17E-05,4.17E-01,,,,,,
884,1283.335053,1283.335032,0.00002114,,,,,884,5.88E-05,3.71E-01,,,,,,
885,1285.784312,1284.854795,0.92951679,,,,,885,3.95E-05,2.87E-01,,,,,,
886,1285.695033,1285.695023,0.00000981,,,,,886,3.81E-05,2.54E-01,,,,,,
887,1287.410035,1287.410027,0.0000081,,,,,887,4.52E-05,3.15E-01,,,,,,
888,1289.165363,1289.165352,0.00001187,,,,,888,3.97E-05,3.04E-01,,,,,,
889,1290.443328,1290.104772,0.33855654,,,,,889,5.29E-05,3.96E-01,,,,,,
890,1290.417729,1290.417708,0.00002044,,,,,890,5.06E-05,3.36E-01,,,,,,
891,1291.945877,1291.945871,0.00000594,,,,,891,4.13E-05,3.40E-01,,,,,,
892,1293.493142,1293.493982,0.00084005,,,,,892,3.98E-05,3.29E-01,,,,,,
893,1294.118474,1294.118474,0.00000037,,,,,893,4.91E-05,3.05E-01,,,,,,
894,1295.365373,1295.365364,0.00000908,,,,,894,4.01E-05,3.66E-01,,,,,,
895,1296.801117,1296.801111,0.00000626,,,,,895,3.89E-05,3.14E-01,,,,,,
896,1298.256536,1298.256527,0.00000846,,,,,896,8.03E-05,2.81E-01,,,,,,
897,1299.405174,1299.405171,0.00000313,,,,,897,4.06E-05,3.10E-01,,,,,,
898,1300.490027,1300.490019,0.00000788,,,,,898,5.45E-05,3.15E-01,,,,,,
899,1300.368888,1301.495517,1.1266283,,,,,899,4.22E-05,4.11E-01,,,,,,
900,1303.273209,1302.346742,0.9264666,,,,,900,4.86E-05,3.94E-01,,,,,,
901,1303.273209,1303.2732,0.00000868,,,,,901,4.39E-05,3.67E-01,,,,,,
902,1305.401685,1305.401672,0.00001283,,,,,902,4.83E-05,3.62E-01,,,,,,
903,1306.508387,1306.508393,0.00000594,,,,,903,4.16E-05,3.15E-01,,,,,,
904,1307.267257,1307.267242,0.00001488,,,,,904,5.05E-05,3.51E-01,,,,,,
905,1308.988082,1308.988197,0.00011408,,,,,905,3.91E-05,3.65E-01,,,,,,
906,1309.421547,1309.421532,0.00001409,,,,,906,4.09E-05,3.52E-01,,,,,,
907,1311.056566,1311.056571,0.0000043,,,,,907,4.61E-05,3.95E-01,,,,,,
908,1311.966949,1311.966941,0.00000835,,,,,908,4.03E-05,3.27E-01,,,,,,
909,1313.031596,1313.031599,0.00000383,,,,,909,4.38E-05,3.10E-01,,,,,,
910,1314.052576,1314.052566,0.00001061,,,,,910,3.92E-05,3.96E-01,,,,,,
911,1316.212125,1316.212113,0.00001193,,,,,911,3.82E-05,3.88E-01,,,,,,
912,1317.072983,1317.072986,0.00000294,,,,,912,3.81E-05,3.80E-01,,,,,,
913,1318.171292,1318.171279,0.00001334,,,,,913,5.31E-05,3.50E-01,,,,,,
914,1318.947429,1318.947881,0.0004518,,,,,914,6.89E-05,3.75E-01,,,,,,
915,1319.931095,1319.931083,0.00001197,,,,,915,3.80E-05,2.94E-01,,,,,,
916,1322.327662,1321.628139,0.6995238,,,,,916,4.14E-05,3.76E-01,,,,,,
917,1322.258076,1322.258067,0.00000854,,,,,917,5.03E-05,3.53E-01,,,,,,
918,1324.224989,1324.224979,0.00001018,,,,,918,5.38E-05,3.03E-01,,,,,,
919,1325.237623,1325.237624,0.00000141,,,,,919,4.14E-05,3.81E-01,,,,,,
920,1325.981979,1325.98197,0.00000924,,,,,920,4.39E-05,3.47E-01,,,,,,
921,1327.635289,1327.635281,0.00000793,,,,,921,4.51E-05,3.47E-01,,,,,,
922,1329.283711,1329.043518,0.24019322,,,,,922,4.25E-05,3.52E-01,,,,,,
923,1329.211355,1329.205019,0.00633584,,,,,923,3.90E-05,3.39E-01,,,,,,
924,1330.429963,1330.429937,0.00002548,,,,,924,3.94E-05,3.45E-01,,,,,,
925,1331.8276,1331.827591,0.00000872,,,,,925,3.87E-05,3.95E-01,,,,,,
926,1333.673532,1333.673523,0.00000898,,,,,926,3.77E-05,3.48E-01,,,,,,
927,1334.747331,1334.747329,0.00000192,,,,,927,3.87E-05,3.24E-01,,,,,,
928,1335.694982,1335.694975,0.00000723,,,,,928,3.95E-05,3.21E-01,,,,,,
929,1336.690188,1336.690185,0.0000032,,,,,929,3.86E-05,2.99E-01,,,,,,
930,1337.688798,1337.688792,0.00000597,,,,,930,4.10E-05,4.01E-01,,,,,,
931,1338.923171,1338.923165,0.00000687,,,,,931,3.88E-05,3.52E-01,,,,,,
932,1340.426331,1340.4264,0.00006974,,,,,932,3.90E-05,3.42E-01,,,,,,
933,1341.166276,1341.166272,0.00000372,,,,,933,3.89E-05,3.41E-01,,,,,,
934,1342.608516,1342.608508,0.00000856,,,,,934,3.92E-05,3.79E-01,,,,,,
935,1344.15605,1344.156044,0.0000063,,,,,935,4.04E-05,3.98E-01,,,,,,
936,1345.477112,1345.477106,0.00000616,,,,,936,3.85E-05,3.39E-01,,,,,,
937,1345.731413,1345.731413,0.00000004,,,,,937,3.94E-05,3.76E-01,,,,,,
938,1348.021771,1347.519472,0.50229915,,,,,938,4.92E-05,1.85E-01,,,,,,
939,1349.085207,1348.017238,1.06796881,,,,,939,3.92E-05,1.83E-01,,,,,,
940,1349.085207,1349.085194,0.00001288,,,,,940,3.92E-05,1.49E-01,,,,,,
941,1351.296216,1351.296206,0.00000959,,,,,941,4.52E-05,2.05E-01,,,,,,
942,1352.210467,1352.210465,0.00000203,,,,,942,5.30E-05,1.65E-01,,,,,,
943,1357.235804,1353.483338,3.75246538,,,,,943,4.64E-05,1.79E-01,,,,,,
944,1353.886787,1353.886782,0.00000531,,,,,944,3.96E-05,1.69E-01,,,,,,
945,1355.680601,1355.680595,0.00000531,,,,,945,3.90E-05,1.47E-01,,,,,,
946,1356.60566,1356.605656,0.00000433,,,,,946,4.01E-05,1.63E-01,,,,,,
947,1358.460187,1357.771743,0.68844431,,,,,947,3.86E-05,1.63E-01,,,,,,
948,1358.460169,1358.46016,0.00000846,,,,,948,7.04E-05,2.14E-01,,,,,,
949,1360.393153,1360.393145,0.00000833,,,,,949,3.80E-05,2.02E-01,,,,,,
950,1361.393079,1361.393075,0.00000384,,,,,950,3.79E-05,3.45E-01,,,,,,
951,1363.02234,1363.022329,0.00001149,,,,,951,3.86E-05,3.85E-01,,,,,,
952,1363.879186,1363.879191,0.00000448,,,,,952,4.89E-05,3.04E-01,,,,,,
953,1364.575614,1364.576585,0.00097073,,,,,953,5.16E-05,3.62E-01,,,,,,
954,1365.493739,1365.493734,0.00000522,,,,,954,3.93E-05,3.83E-01,,,,,,
955,1367.104099,1367.104091,0.00000796,,,,,955,4.88E-05,3.40E-01,,,,,,
956,1368.330198,1368.330193,0.00000492,,,,,956,4.80E-05,3.40E-01,,,,,,
957,1369.686957,1369.686949,0.00000782,,,,,957,4.06E-05,4.19E-01,,,,,,
958,1370.973525,1370.973523,0.00000272,,,,,958,4.24E-05,3.86E-01,,,,,,
959,1371.68656,1371.686554,0.00000595,,,,,959,4.03E-05,3.46E-01,,,,,,
960,1373.202922,1373.202915,0.00000778,,,,,960,4.95E-05,3.97E-01,,,,,,
961,1374.1548,1374.154799,0.00000131,,,,,961,3.95E-05,3.37E-01,,,,,,
962,1331.725739,1375.302392,43.57665295,,,,,962,4.47E-05,3.09E-01,,,,,,
963,1376.162284,1376.16178,0.00050428,,,,,963,4.03E-05,3.64E-01,,,,,,
964,1377.177645,1377.177634,0.00001151,,,,,964,5.48E-05,4.21E-01,,,,,,
965,1379.68328,1379.683283,0.00000305,,,,,965,3.96E-05,4.37E-01,,,,,,
966,1381.090669,1380.148578,0.94209045,,,,,966,3.84E-05,2.95E-01,,,,,,
967,1381.073992,1381.073977,0.00001468,,,,,967,4.69E-05,3.03E-01,,,,,,
968,1382.345663,1382.345663,0.00000035,,,,,968,4.00E-05,3.67E-01,,,,,,
969,1383.2976,1383.297591,0.00000863,,,,,969,4.55E-05,3.26E-01,,,,,,
970,1384.444419,1384.444416,0.00000315,,,,,970,3.88E-05,4.02E-01,,,,,,
971,1385.663785,1385.663777,0.00000845,,,,,971,3.77E-05,4.19E-01,,,,,,
972,1387.32661,1387.326648,0.00003758,,,,,972,4.91E-05,3.30E-01,,,,,,
973,1387.921459,1387.921454,0.00000496,,,,,973,5.01E-05,3.19E-01,,,,,,
974,1389.56584,1389.565832,0.00000822,,,,,974,4.04E-05,3.78E-01,,,,,,
975,1390.705493,1390.70549,0.00000305,,,,,975,3.91E-05,3.53E-01,,,,,,
976,1391.853206,1391.8532,0.00000521,,,,,976,7.05E-05,3.17E-01,,,,,,
977,1393.43365,1392.644028,0.78962255,,,,,977,5.17E-05,3.09E-01,,,,,,
978,1393.420744,1393.433402,0.01265736,,,,,978,4.99E-05,3.49E-01,,,,,,
979,1394.884192,1394.884185,0.00000716,,,,,979,4.73E-05,2.86E-01,,,,,,
980,1396.544171,1396.544163,0.00000818,,,,,980,4.59E-05,3.20E-01,,,,,,
981,1397.834627,1397.834623,0.00000328,,,,,981,4.46E-05,3.92E-01,,,,,,
982,1398.837683,1398.837675,0.000008,,,,,982,3.98E-05,3.86E-01,,,,,,
983,1400.427126,1399.839473,0.58765273,,,,,983,5.25E-05,3.39E-01,,,,,,
984,1400.426957,1400.426946,0.00001039,,,,,984,4.99E-05,3.56E-01,,,,,,
985,1402.564322,1402.564347,0.00002545,,,,,985,3.88E-05,3.48E-01,,,,,,
986,1402.973737,1402.973748,0.00001029,,,,,986,8.86E-05,3.05E-01,,,,,,
987,1404.006303,1404.006292,0.00001059,,,,,987,4.53E-05,2.81E-01,,,,,,
988,1405.666981,1405.666975,0.00000598,,,,,988,3.95E-05,3.29E-01,,,,,,
989,1407.085151,1407.085143,0.00000834,,,,,989,4.86E-05,2.84E-01,,,,,,
990,1408.136308,1408.136308,0.00000053,,,,,990,3.85E-05,2.74E-01,,,,,,
991,1409.32069,1409.320681,0.00000879,,,,,991,4.00E-05,2.47E-01,,,,,,
992,1410.024805,1410.024811,0.00000533,,,,,992,4.01E-05,3.33E-01,,,,,,
993,1411.965654,1411.257057,0.70859681,,,,,993,5.36E-05,2.88E-01,,,,,,
994,1411.96565,1411.965653,0.00000322,,,,,994,4.49E-05,4.34E-01,,,,,,
995,1413.843162,1413.843149,0.00001282,,,,,995,4.05E-05,3.32E-01,,,,,,
996,1415.585743,1415.585785,0.00004186,,,,,996,4.86E-05,3.67E-01,,,,,,
997,1415.781614,1415.781581,0.00003241,,,,,997,5.50E-05,3.31E-01,,,,,,
998,1417.102824,1417.102823,0.00000115,,,,,998,4.93E-05,3.44E-01,,,,,,
999,1418.696978,1418.696964,0.00001367,,,,,999,4.01E-05,3.08E-01,,,,,,
1000,1419.422471,1419.422481,0.00000994,,,,,1000,4.21E-05,3.09E-01,,,,,,
